,Tuition,PCTPELL
0,13435.0,0.7249
1,16023.0,0.3505
2,18661.0,0.3179
3,7400.0,0.7567
4,20575.0,0.2009
5,14176.0,0.4373
6,22183.0,0.1631
7,21562.0,0.1992
8,23970.0,0.5596
9,19685.0,0.4207
10,11194.0,0.5806
11,17139.0,0.4308
12,13152.0,0.5635
13,12733.0,0.5343
14,19649.0,0.4918
15,16885.0,0.4058
16,11438.0,0.4020
17,24565.0,0.5312
18,27065.0,0.1373
19,15204.0,0.4003
20,9657.0,0.3500
21,16988.0,0.6818
22,11551.0,0.4319
23,31468.0,0.4869
24,9942.0,0.2280
25,18218.0,0.2761
26,11337.0,0.3138
27,22180.0,0.4397
28,27570.0,0.2809
29,12218.0,0.4000
30,17003.0,0.4262
31,14546.0,0.2295
32,7959.0,0.7230
33,12152.0,0.4565
34,13063.0,0.4138
35,15829.0,0.4336
36,17276.0,0.2584
37,9937.0,0.5452
38,25503.0,0.2035
39,19234.0,0.2846
40,19251.0,0.2751
41,14723.0,0.4327
42,14731.0,0.4786
43,11328.0,0.4944
44,27183.0,0.3427
45,31113.0,0.3163
46,30628.0,0.5643
47,24760.0,0.1292
48,28487.0,0.2386
49,17661.0,0.1943
50,6679.0,0.6163
51,13390.0,0.4615
52,13365.0,0.4350
53,6112.0,0.5633
54,7454.0,0.4429
55,9163.0,0.5049
56,3227.0,0.6773
57,6797.0,0.5334
58,8710.0,0.5298
59,13262.0,0.3114
60,15052.0,0.4123
61,13648.0,0.4602
62,13328.0,0.3524
63,11779.0,0.5680
64,13913.0,0.3844
65,14767.0,0.3806
66,17222.0,0.4534
67,36367.0,0.1980
68,25548.0,0.2805
69,26521.0,0.5436
70,24298.0,0.1153
71,33496.0,0.2909
72,16117.0,0.5603
73,29865.0,0.1269
74,25533.0,0.4861
75,13148.0,0.5348
76,18192.0,0.4708
77,20606.0,0.4583
78,21904.0,0.5196
79,24540.0,0.3045
80,37606.0,0.1957
81,28725.0,0.3186
82,25097.0,0.5016
83,27949.0,0.5806
84,25723.0,0.4406
85,28630.0,0.2020
86,34829.0,0.4273
87,21651.0,0.5491
88,22661.0,0.4665
89,30108.0,0.3738
90,33314.0,0.1860
91,31473.0,0.2699
92,14908.0,0.1982
93,28859.0,0.2993
94,13475.0,0.3764
95,33865.0,0.1773
96,12768.0,0.4495
97,33655.0,0.2535
98,19700.0,0.4284
99,13183.0,0.4245
100,34425.0,0.1205
101,28126.0,0.1080
102,19739.0,0.5562
103,32721.0,0.2588
104,15710.0,0.3268
105,23052.0,0.4137
106,52073.0,0.3118
107,29174.0,0.2307
108,22199.0,0.3545
109,30787.0,0.2069
110,36005.0,0.3690
111,27920.0,0.4432
112,16212.0,0.5051
113,14519.0,0.2751
114,14649.0,0.3202
115,21806.0,0.1723
116,24929.0,0.1688
117,16777.0,0.2427
118,28839.0,0.1717
119,15836.0,0.3417
120,16507.0,0.3886
121,9521.0,0.3717
122,18946.0,0.3410
123,23604.0,0.2629
124,12701.0,0.3804
125,15530.0,0.2542
126,24122.0,0.4853
127,17291.0,0.3533
128,20023.0,0.2120
129,29722.0,0.2837
130,29933.0,0.2579
131,37101.0,0.4857
132,35653.0,0.1610
133,23483.0,0.3566
134,14462.0,0.2690
135,15240.0,0.3726
136,20910.0,0.1287
137,16099.0,0.4715
138,15992.0,0.1398
139,22675.0,0.5253
140,36480.0,0.1714
141,14764.0,0.5247
142,33637.0,0.1451
143,30580.0,0.1260
144,24729.0,0.4901
145,9118.0,0.6812
146,23635.0,0.5093
147,33586.0,0.1943
148,15850.0,0.5747
149,14221.0,0.3858
150,31097.0,0.2165
151,11820.0,0.8160
152,11679.0,0.6113
153,13427.0,0.3958
154,21426.0,0.3027
155,21025.0,0.3387
156,16376.0,0.3769
157,28474.0,0.2167
158,12427.0,0.5526
159,24482.0,0.2878
160,15664.0,0.3182
161,12022.0,0.3029
162,32746.0,0.1611
163,13621.0,0.3141
164,23765.0,0.4212
165,21934.0,0.3370
166,11232.0,0.4070
167,25116.0,0.4696
168,21534.0,0.4095
169,27580.0,0.2415
170,13286.0,0.6346
171,17952.0,0.6463
172,15393.0,0.6879
173,23029.0,0.4294
174,11184.0,0.4165
175,8367.0,0.4586
176,12439.0,0.7313
177,19265.0,0.4587
178,15977.0,0.5867
179,32947.0,0.7180
180,21181.0,0.2451
181,25218.0,0.5031
182,12572.0,0.5096
183,11422.0,0.4702
184,23742.0,0.2733
185,15219.0,0.4877
186,25941.0,0.2032
187,14782.0,0.7577
188,11574.0,0.1699
189,12644.0,0.4622
190,17283.0,0.2030
191,16963.0,0.3796
192,14290.0,0.5268
193,12023.0,0.2292
194,11187.0,0.5503
195,20328.0,0.4409
196,20423.0,0.3475
197,29796.0,0.4931
198,19936.0,0.3940
199,18387.0,0.7993
200,16424.0,0.4737
201,20310.0,0.4303
202,36902.0,0.2471
203,11009.0,0.7450
204,18864.0,0.4743
205,34232.0,0.4815
206,18783.0,0.4859
207,17464.0,0.2183
208,13990.0,0.4708
209,15365.0,0.4941
210,16074.0,0.3900
211,20543.0,0.4360
212,11029.0,0.4839
213,13441.0,0.3105
214,21477.0,0.6590
215,13718.0,0.3312
216,13709.0,0.3925
217,14916.0,0.3529
218,19432.0,0.3543
219,8667.0,0.3968
220,39613.0,0.1883
221,17494.0,0.4156
222,13721.0,0.5675
223,26533.0,0.2352
224,11689.0,0.7078
225,25883.0,0.1114
226,17938.0,0.4265
227,16174.0,0.4024
228,20678.0,0.3228
229,15133.0,0.4127
230,18082.0,0.5305
231,19683.0,0.3898
232,31188.0,0.5752
233,13527.0,0.5159
234,18143.0,0.2049
235,27169.0,0.1939
236,18854.0,0.2836
237,20437.0,0.2725
238,19500.0,0.4199
239,19809.0,0.3165
240,21173.0,0.4747
241,15923.0,0.5839
242,31149.0,0.2647
243,18595.0,0.5686
244,18733.0,0.3641
245,20429.0,0.4200
246,14528.0,0.4437
247,22627.0,0.2502
248,18443.0,0.3986
249,19259.0,0.4452
250,28155.0,0.1376
251,15591.0,0.4856
252,20091.0,0.3175
253,17102.0,0.4038
254,21201.0,0.5151
255,22229.0,0.4558
256,18246.0,0.5058
257,17613.0,0.3842
258,16330.0,0.5192
259,12566.0,0.3782
260,16048.0,0.4283
261,16712.0,0.3601
262,21042.0,0.3523
263,20468.0,0.4662
264,25287.0,0.3378
265,17219.0,0.4621
266,25260.0,0.1990
267,23345.0,0.3133
268,15201.0,0.3390
269,16996.0,0.4875
270,32575.0,0.1519
271,24556.0,0.1948
272,20879.0,0.2339
273,21698.0,0.3628
274,17533.0,0.3230
275,17605.0,0.2897
276,20588.0,0.3057
277,22685.0,0.3272
278,19983.0,0.3408
279,14961.0,0.3121
280,12861.0,0.3721
281,21890.0,0.3435
282,23834.0,0.6678
283,11990.0,0.3331
284,12143.0,0.4343
285,9899.0,0.3072
286,10035.0,0.3354
287,15349.0,0.1604
288,8549.0,0.3038
289,11534.0,0.3485
290,9263.0,0.3280
291,20203.0,0.3681
292,19193.0,0.2742
293,26318.0,0.4004
294,29727.0,0.1051
295,23867.0,0.1268
296,11207.0,0.3252
297,9625.0,0.2266
298,36068.0,0.1667
299,16197.0,0.4148
300,16530.0,0.4826
301,25332.0,0.2205
302,25709.0,0.1759
303,25583.0,0.1713
304,20626.0,0.2504
305,20373.0,0.2695
306,19869.0,0.4747
307,20618.0,0.2495
308,23799.0,0.3656
309,20496.0,0.2941
310,24559.0,0.3361
311,23777.0,0.2695
312,27303.0,0.1593
313,22006.0,0.4414
314,13940.0,0.5000
315,13261.0,0.4560
316,16666.0,0.4159
317,17251.0,0.3898
318,23192.0,0.2220
319,13997.0,0.2134
320,22620.0,0.4820
321,14085.0,0.1918
322,18325.0,0.2389
323,24974.0,0.1866
324,20899.0,0.3376
325,18102.0,0.3470
326,15961.0,0.2631
327,20464.0,0.2913
328,24479.0,0.2539
329,22120.0,0.2711
330,17737.0,0.4402
331,20832.0,0.5323
332,22896.0,0.2210
333,21249.0,0.3912
334,24221.0,0.2096
335,19832.0,0.4073
336,14409.0,0.3919
337,16474.0,0.4093
338,18755.0,0.2289
339,13906.0,0.1611
340,20514.0,0.4258
341,18609.0,0.3987
342,20003.0,0.4200
343,18597.0,0.3830
344,14850.0,0.3250
345,22807.0,0.3741
346,17648.0,0.4597
347,21434.0,0.3385
348,14945.0,0.3607
349,10968.0,0.5495
350,25897.0,0.3281
351,23494.0,0.2476
352,4222.0,0.8328
353,10731.0,0.5700
354,16674.0,0.4261
355,23062.0,0.1449
356,16357.0,0.3992
357,11647.0,0.4336
358,19210.0,0.3687
359,8770.0,0.6397
360,17719.0,0.5049
361,16298.0,0.2479
362,19282.0,0.4682
363,15782.0,0.2894
364,11870.0,0.3767
365,9808.0,0.3303
366,8966.0,0.3339
367,17342.0,0.4474
368,19081.0,0.4474
369,18750.0,0.2905
370,20660.0,0.5333
371,10948.0,0.3539
372,25112.0,0.3454
373,17715.0,0.7725
374,16527.0,0.8128
375,7370.0,0.4197
376,11355.0,0.2028
377,6932.0,0.3570
378,14202.0,0.4213
379,9233.0,0.2147
380,24610.0,0.3101
381,9485.0,0.3489
382,8891.0,0.3251
383,10625.0,0.3793
384,7859.0,0.3448
385,9966.0,0.3995
386,15881.0,0.3335
387,10254.0,0.3355
388,12666.0,0.6776
389,8224.0,0.7451
390,9459.0,0.3203
391,32475.0,0.1518
392,17222.0,0.5329
393,25530.0,0.1132
394,13012.0,0.3240
395,15955.0,0.3297
396,23175.0,0.2937
397,31266.0,0.1950
398,26358.0,0.2210
399,16528.0,0.3672
400,14473.0,0.4428
401,13737.0,0.5222
402,15471.0,0.3429
403,16307.0,0.5183
404,9055.0,0.6215
405,17186.0,0.3628
406,34455.0,0.1229
407,18827.0,0.2766
408,15634.0,0.1941
409,36948.0,0.2322
410,15453.0,0.5431
411,16225.0,0.6200
412,29049.0,0.2033
413,19354.0,0.3011
414,21049.0,0.1756
415,17516.0,0.2652
416,26475.0,0.3170
417,20096.0,0.3107
418,20943.0,0.5187
419,18848.0,0.2254
420,31884.0,0.1628
421,23874.0,0.4419
422,27752.0,0.3919
423,32713.0,0.1562
424,33661.0,0.1250
425,34910.0,0.1317
426,28370.0,0.1960
427,18745.0,0.3691
428,29464.0,0.2552
429,18677.0,0.4981
430,39148.0,0.1642
431,13923.0,0.3846
432,17967.0,0.3183
433,27418.0,0.2200
434,17882.0,0.1165
435,24150.0,0.3276
436,30616.0,0.2639
437,18005.0,0.2810
438,18869.0,0.2368
439,11789.0,0.4185
440,35360.0,0.2965
441,22323.0,0.2705
442,22968.0,0.1786
443,17224.0,0.1870
444,26850.0,0.3729
445,16069.0,0.4654
446,28869.0,0.1240
447,21102.0,0.4340
448,22810.0,0.5236
449,29461.0,0.2509
450,27047.0,0.2315
451,16517.0,0.3967
452,29563.0,0.2939
453,29565.0,0.1198
454,25429.0,0.1937
455,35232.0,0.2643
456,28053.0,0.2950
457,16808.0,0.2751
458,27466.0,0.3786
459,23924.0,0.1805
460,17495.0,0.3006
461,23128.0,0.4145
462,22232.0,0.2737
463,22080.0,0.3037
464,21177.0,0.2726
465,16624.0,0.3253
466,24177.0,0.2260
467,14509.0,0.3543
468,10182.0,0.4671
469,20434.0,0.3577
470,33309.0,0.3405
471,22524.0,0.2922
472,12675.0,0.4388
473,13306.0,0.4009
474,34029.0,0.2465
475,18505.0,0.4043
476,16491.0,0.3468
477,23994.0,0.2055
478,10381.0,0.3913
479,26876.0,0.1726
480,14104.0,0.3288
481,14455.0,0.6942
482,16211.0,0.4686
483,14521.0,0.1538
484,16788.0,0.2211
485,15237.0,0.2520
486,12220.0,0.4400
487,14223.0,0.4199
488,12468.0,0.3738
489,22526.0,0.4131
490,11929.0,0.3165
491,20320.0,0.4910
492,17932.0,0.4142
493,14579.0,0.4095
494,16683.0,0.3963
495,18156.0,0.4478
496,23275.0,0.5274
497,13258.0,0.4649
498,16870.0,0.3829
499,23536.0,0.4002
500,14720.0,0.3378
501,16294.0,0.3936
502,26602.0,0.2571
503,28892.0,0.1313
504,17612.0,0.3523
505,21150.0,0.3622
506,24934.0,0.1655
507,15178.0,0.2816
508,17015.0,0.2026
509,13075.0,0.2204
510,25795.0,0.3690
511,16551.0,0.2343
512,13418.0,0.2807
513,15240.0,0.3033
514,19196.0,0.4052
515,23664.0,0.2216
516,17400.0,0.5887
517,23305.0,0.2401
518,13786.0,0.2950
519,22530.0,0.1923
520,20200.0,0.2516
521,23452.0,0.1496
522,21577.0,0.4942
523,21914.0,0.3161
524,28374.0,0.1809
525,23046.0,0.3861
526,14909.0,0.1308
527,17393.0,0.2631
528,14838.0,0.7661
529,10978.0,0.4981
530,12840.0,0.4262
531,13142.0,0.6629
532,21209.0,0.2135
533,14284.0,0.2661
534,10874.0,0.4832
535,10880.0,0.7183
536,15375.0,0.3345
537,16035.0,0.3261
538,9777.0,0.8941
539,12175.0,0.4855
540,13117.0,0.9333
541,16557.0,0.6454
542,19608.0,0.3959
543,12620.0,0.5378
544,10335.0,0.5874
545,19513.0,0.4211
546,14794.0,0.3661
547,36435.0,0.5000
548,27422.0,0.3978
549,17289.0,0.4684
550,19030.0,0.4723
551,21466.0,0.5296
552,21749.0,0.4805
553,15615.0,0.3322
554,30384.0,0.4473
555,22125.0,0.3330
556,24484.0,0.2974
557,9724.0,0.4074
558,18938.0,0.2106
559,9011.0,0.5641
560,16902.0,0.2083
561,14418.0,0.3040
562,14096.0,0.2442
563,10017.0,0.2864
564,12586.0,0.2047
565,10154.0,0.3491
566,22830.0,0.1450
567,31005.0,0.1287
568,14923.0,0.5698
569,14810.0,0.4143
570,22422.0,0.4438
571,12294.0,0.3376
572,15314.0,0.3273
573,32873.0,0.0740
574,24006.0,0.3573
575,20030.0,0.3074
576,20788.0,0.2733
577,23425.0,0.3250
578,23227.0,0.2154
579,12626.0,0.3141
580,16809.0,0.2719
581,12679.0,0.3619
582,12784.0,0.4656
583,18462.0,0.3220
584,23212.0,0.3436
585,19322.0,0.2197
586,28565.0,0.1633
587,22206.0,0.3089
588,17087.0,0.3830
589,19592.0,0.3060
590,15488.0,0.3472
591,17989.0,0.3467
592,23077.0,0.3916
593,12505.0,0.3269
594,21990.0,0.2729
595,16705.0,0.2092
596,20182.0,0.3622
597,16400.0,0.5274
598,10915.0,0.3614
599,14568.0,0.2801
600,27562.0,0.4158
601,29986.0,0.1390
602,28468.0,0.2770
603,24013.0,0.2164
604,20371.0,0.2373
605,17102.0,0.2671
606,18910.0,0.6978
607,11434.0,0.3213
608,19498.0,0.3340
609,16902.0,0.2781
610,15863.0,0.5190
611,16920.0,0.3886
612,22383.0,0.3006
613,8887.0,0.5706
614,18781.0,0.4502
615,28093.0,0.2663
616,17486.0,0.3799
617,8848.0,0.1465
618,22013.0,0.2679
619,28298.0,0.2748
620,14094.0,0.4779
621,19924.0,0.3095
622,13705.0,0.5304
623,12958.0,0.5838
624,27199.0,0.2929
625,16413.0,0.4726
626,32869.0,0.1840
627,19244.0,0.3547
628,24079.0,0.1763
629,16643.0,0.4201
630,9938.0,0.3574
631,11785.0,0.3019
632,9027.0,0.3996
633,9663.0,0.4270
634,28082.0,0.3147
635,31053.0,0.2408
636,20214.0,0.3755
637,25680.0,0.1823
638,19376.0,0.3142
639,29243.0,0.2686
640,22687.0,0.1228
641,21031.0,0.2194
642,17198.0,0.3877
643,29711.0,0.1547
644,7014.0,0.4540
645,6451.0,0.4981
646,6002.0,0.5296
647,7742.0,0.4243
648,5294.0,0.5515
649,5465.0,0.5322
650,6678.0,0.3976
651,5742.0,0.5002
652,18548.0,0.3434
653,18656.0,0.4390
654,34042.0,0.1995
655,21253.0,0.4430
656,27862.0,0.2808
657,35796.0,0.0000
658,34849.0,0.3138
659,23374.0,0.3068
660,24302.0,0.5869
661,27928.0,0.1856
662,28114.0,0.2918
663,34538.0,0.2578
664,16235.0,0.5569
665,27427.0,0.3097
666,25270.0,0.3472
667,18425.0,0.4673
668,33957.0,0.7386
669,36419.0,0.2179
670,19589.0,0.2717
671,21786.0,0.3568
672,18950.0,0.5372
673,27416.0,0.3039
674,40435.0,0.2321
675,34841.0,0.1602
676,20363.0,0.3937
677,26410.0,0.2948
678,22784.0,0.2779
679,16091.0,0.4511
680,19298.0,0.2354
681,25413.0,0.1375
682,15816.0,0.3243
683,24915.0,0.3007
684,27044.0,0.2874
685,15367.0,0.5228
686,15614.0,0.5369
687,9182.0,0.2993
688,16904.0,0.6000
689,16126.0,0.4003
690,18870.0,0.2871
691,16695.0,0.3086
692,13717.0,0.3341
693,17615.0,0.2714
694,15931.0,0.4103
695,15165.0,0.3979
696,12237.0,0.5122
697,17220.0,0.3730
698,17850.0,0.2609
699,16599.0,0.3145
700,17829.0,0.3072
701,16314.0,0.3954
702,19510.0,0.3332
703,11703.0,0.5010
704,15334.0,0.3716
705,19050.0,0.2413
706,30135.0,0.2516
708,21858.0,0.2375
709,41443.0,0.2493
710,17409.0,0.0667
711,20259.0,0.4691
712,27012.0,0.1701
713,14686.0,0.2792
714,20544.0,0.4762
715,22932.0,0.4186
716,12262.0,0.3676
717,27266.0,0.3976
718,20311.0,0.4408
719,17810.0,0.7287
720,19981.0,0.1458
721,34137.0,0.1363
722,15450.0,0.3430
723,2346.0,0.7108
724,35454.0,0.0834
725,4927.0,0.5973
726,20268.0,0.2347
727,22137.0,0.4312
728,37219.0,0.1093
729,14963.0,0.6510
730,19918.0,0.7033
731,20078.0,0.4259
732,16495.0,0.8463
733,16789.0,0.6079
734,23450.0,0.3185
735,23009.0,0.4111
736,13704.0,0.4286
737,12975.0,0.5044
738,9517.0,0.6109
739,14623.0,0.3446
740,13744.0,0.2186
741,11571.0,0.4052
742,11102.0,0.4474
743,10743.0,0.6569
744,14454.0,0.3044
745,14988.0,0.2181
746,13540.0,0.6068
747,15909.0,0.2899
748,29711.0,0.6249
749,11458.0,0.5465
750,18366.0,0.4593
751,14514.0,0.5263
752,25288.0,0.3195
753,15888.0,0.6378
754,26225.0,0.8435
755,16350.0,0.5761
756,22416.0,0.4122
757,22209.0,0.4005
758,17934.0,0.3659
759,9285.0,0.5854
760,13516.0,0.3850
761,11626.0,0.2495
762,13298.0,0.2545
763,15770.0,0.2161
764,11202.0,0.2044
765,16400.0,0.2010
766,15139.0,0.2039
767,20488.0,0.5683
768,11610.0,0.2504
769,17350.0,0.3735
770,21723.0,0.5243
771,21778.0,0.2146
772,21870.0,0.5223
773,21160.0,0.3691
774,18437.0,0.3236
775,22092.0,0.2987
776,27949.0,0.1755
777,21270.0,0.2065
778,10802.0,0.7328
779,20108.0,0.4059
780,19545.0,0.4676
781,22180.0,0.2499
782,12094.0,0.3959
783,12351.0,0.4162
784,32033.0,0.4293
785,17136.0,0.4253
786,27884.0,0.1083
787,24014.0,0.4223
788,22594.0,0.1798
789,25611.0,0.4579
790,20459.0,0.4371
791,23207.0,0.4437
792,23702.0,0.2271
793,10424.0,0.5380
794,10000.0,0.5279
795,9493.0,0.5104
796,10629.0,0.5781
797,10048.0,0.4441
798,10429.0,0.4858
799,18978.0,0.3220
800,9781.0,0.3936
801,29516.0,0.0956
802,20479.0,0.3369
803,18809.0,0.4973
804,19773.0,0.3815
805,19611.0,0.2881
806,11061.0,0.4294
807,11661.0,0.4098
808,22011.0,0.1227
809,15019.0,0.2665
810,23286.0,0.3224
811,18205.0,0.4152
812,18443.0,0.3910
813,19684.0,0.3018
814,32061.0,0.0956
815,21910.0,0.3357
816,23164.0,0.2113
817,12096.0,0.3814
818,15329.0,0.4494
819,10902.0,0.4279
820,15418.0,0.3817
821,18099.0,0.2141
822,8431.0,0.2904
823,9972.0,0.6075
824,9583.0,0.5302
825,9273.0,0.4830
826,20826.0,0.2637
827,8674.0,0.4253
828,24123.0,0.1964
829,24882.0,0.2262
830,14839.0,0.3356
831,17859.0,0.2061
832,15298.0,0.4320
833,18787.0,0.6703
834,22118.0,0.4342
835,24131.0,0.1922
836,14101.0,0.3756
837,8425.0,0.3489
838,27418.0,0.1739
839,11691.0,0.4765
840,22732.0,0.9463
841,21444.0,0.2905
842,12141.0,0.3369
843,6783.0,0.4472
844,14827.0,0.4912
845,8604.0,0.4963
846,7784.0,0.3391
847,18190.0,0.2835
848,11316.0,0.2188
849,13894.0,0.2829
850,16703.0,0.3790
851,27849.0,0.2004
852,16418.0,0.2302
853,22026.0,0.4381
854,13346.0,0.4575
855,7314.0,0.4325
856,8181.0,0.4578
857,12445.0,0.5566
858,11514.0,0.3572
859,25355.0,0.1376
860,19713.0,0.4248
861,15309.0,0.4671
862,26298.0,0.3232
863,25278.0,0.2674
864,18668.0,0.5262
865,16176.0,0.3213
866,19020.0,0.3016
867,15769.0,0.2510
868,29422.0,0.3255
869,14323.0,0.4134
870,32217.0,0.1998
871,23267.0,0.1820
872,15392.0,0.3831
873,23289.0,0.4045
874,29770.0,0.1985
875,16371.0,0.4645
876,26795.0,0.2661
877,24270.0,0.3980
878,25755.0,0.3412
879,18546.0,0.3268
880,28732.0,0.1613
881,36834.0,0.1091
882,18735.0,0.3887
883,18207.0,0.5019
884,34857.0,0.1298
885,18072.0,0.4419
886,15864.0,0.5930
887,23701.0,0.4497
888,17936.0,0.3883
889,27084.0,0.2828
890,37747.0,0.2112
891,27412.0,0.1970
892,18450.0,0.3455
893,23294.0,0.4067
894,15309.0,0.4774
895,27651.0,0.1952
896,21484.0,0.2646
897,18905.0,0.4474
898,24490.0,0.3757
899,23336.0,0.1633
900,14743.0,0.3542
901,33739.0,0.2348
902,18221.0,0.3702
903,19629.0,0.5127
904,19510.0,0.3412
905,19732.0,0.3241
906,25926.0,0.3836
907,32047.0,0.0983
908,20979.0,0.5068
909,33300.0,0.1478
910,14620.0,0.6318
911,16809.0,0.4110
912,17819.0,0.3274
913,18048.0,0.4318
914,22542.0,0.3600
915,25822.0,0.1965
916,19140.0,0.3408
917,26931.0,0.2730
918,27898.0,0.3019
919,20825.0,0.3935
920,23847.0,0.3993
921,24392.0,0.3037
922,14718.0,0.3368
923,13447.0,0.4879
924,16101.0,0.3451
925,14650.0,0.4707
926,14208.0,0.3734
927,23969.0,0.3210
928,16595.0,0.3889
929,22833.0,0.3564
930,21404.0,0.3224
931,14631.0,0.3595
932,14666.0,0.4293
933,14323.0,0.4170
934,19096.0,0.4671
935,29226.0,0.1609
936,16125.0,0.4768
937,20948.0,0.3574
938,13464.0,0.4082
939,15424.0,0.4950
940,14761.0,0.3108
941,25225.0,0.1392
942,27368.0,0.3240
943,33861.0,0.3050
944,17975.0,0.4330
945,31572.0,0.2003
946,17116.0,0.4229
947,17737.0,0.3752
948,19144.0,0.3001
949,27917.0,0.1665
950,21971.0,0.4085
951,24305.0,0.2927
952,20565.0,0.4957
953,25784.0,0.2818
954,19521.0,0.2903
955,32288.0,0.1848
956,20449.0,0.3129
957,18493.0,0.3225
958,21858.0,0.1537
959,22870.0,0.4088
960,23673.0,0.4412
961,36563.0,0.1145
962,16851.0,0.3405
963,22250.0,0.2540
964,20615.0,0.3227
965,26937.0,0.2549
966,22975.0,0.3597
967,18849.0,0.3544
968,21267.0,0.2608
969,27496.0,0.1599
970,9613.0,0.4298
971,19177.0,0.2686
972,43582.0,0.1624
973,20191.0,0.3085
974,17241.0,0.4938
975,17826.0,0.2264
976,17454.0,0.2559
977,21426.0,0.7515
978,15885.0,0.1834
979,16868.0,0.5459
980,18833.0,0.4732
981,17921.0,0.5277
982,17304.0,0.4396
983,17802.0,0.4257
984,11915.0,0.5684
985,13101.0,0.4873
986,22378.0,0.5308
987,20053.0,0.4977
988,22308.0,0.3875
989,18963.0,0.2391
990,13538.0,0.4085
991,14466.0,0.4359
992,18555.0,0.2248
993,14955.0,0.3770
994,19136.0,0.7453
995,14190.0,0.4801
996,15760.0,0.4059
997,22964.0,0.1888
998,19052.0,0.1981
999,14953.0,0.3114
1000,14690.0,0.2504
1001,19203.0,0.3075
1002,20084.0,0.2103
1003,14738.0,0.2036
1004,21772.0,0.4554
1005,18131.0,0.2655
1006,21762.0,0.2463
1007,20345.0,0.3186
1008,16396.0,0.2628
1009,11984.0,0.5252
1010,9374.0,0.5205
1011,32568.0,0.1782
1012,17859.0,0.5359
1013,15339.0,0.3519
1014,15792.0,0.4024
1015,8065.0,0.4228
1016,17596.0,0.3317
1017,24560.0,0.2456
1018,15245.0,0.4235
1019,15975.0,0.5726
1020,17361.0,0.3174
1021,10304.0,0.5079
1022,15200.0,0.5006
1023,19013.0,0.4800
1024,13637.0,0.9247
1025,9114.0,0.8151
1026,19246.0,0.3618
1027,12454.0,0.4932
1028,16138.0,0.4584
1029,13353.0,0.4741
1030,11381.0,0.4421
1031,27322.0,0.1374
1032,12326.0,0.5151
1033,13378.0,0.3534
1034,18138.0,0.2942
1035,7732.0,0.4872
1036,13962.0,0.3424
1037,15898.0,0.3309
1038,18503.0,0.5739
1039,24569.0,0.2727
1040,18144.0,0.1395
1041,23507.0,0.2630
1042,14244.0,0.4018
1043,22565.0,0.2723
1044,32657.0,0.1983
1045,20208.0,0.3957
1046,14361.0,0.4031
1047,24645.0,0.2898
1048,20333.0,0.6214
1049,25366.0,0.2125
1050,20590.0,0.4647
1051,8372.0,0.4871
1052,9327.0,0.5065
1053,20215.0,0.3387
1054,20057.0,0.4733
1055,13185.0,0.4057
1056,7465.0,0.4743
1057,14134.0,0.3838
1058,18061.0,0.4371
1059,17545.0,0.6595
1060,20821.0,0.3946
1061,13018.0,0.4294
1062,9087.0,0.5662
1063,21098.0,0.3333
1064,21152.0,0.3537
1065,23676.0,0.4129
1066,20989.0,0.4786
1067,9516.0,0.3890
1068,12784.0,0.3644
1069,32666.0,0.5540
1070,16493.0,0.5812
1071,4250.0,0.6420
1072,17948.0,0.9963
1073,11029.0,0.6604
1074,21024.0,0.1546
1075,20034.0,0.3477
1076,20348.0,0.3296
1077,12887.0,0.4306
1078,19962.0,0.4435
1079,17691.0,0.4983
1080,32580.0,0.1516
1081,24819.0,0.5432
1082,22573.0,0.2653
1083,15473.0,0.4165
1084,14676.0,0.3500
1085,19125.0,0.5282
1086,13042.0,0.5847
1087,15364.0,0.3980
1088,12602.0,0.5357
1089,13426.0,0.2173
1090,14059.0,0.3748
1091,17742.0,0.2476
1092,12940.0,0.3548
1093,6638.0,0.5878
1094,15162.0,0.3618
1095,32005.0,0.1278
1096,18425.0,0.3959
1097,5823.0,0.2313
1098,11843.0,0.4397
1099,19221.0,0.6398
1100,16804.0,0.2808
1101,24775.0,0.4262
1102,9105.0,0.4544
1103,24581.0,0.1687
1104,15438.0,0.3548
1105,12771.0,0.3925
1106,12597.0,0.3716
1107,9764.0,0.2400
1108,14434.0,0.3827
1109,11559.0,0.3679
1110,13969.0,0.2988
1111,22078.0,0.2387
1112,16679.0,0.3592
1113,33674.0,0.2254
1114,14852.0,0.5028
1115,14810.0,0.3908
1116,23303.0,0.1334
1117,19866.0,0.5538
1118,17414.0,0.1743
1119,20054.0,0.5164
1120,19778.0,0.4946
1121,19722.0,0.2717
1122,18300.0,0.1105
1123,17986.0,0.4716
1124,22618.0,0.1523
1125,20166.0,0.3854
1126,21344.0,0.3297
1127,17798.0,0.5706
1128,19245.0,0.2658
1129,27154.0,0.1982
1130,28272.0,0.3857
1131,17408.0,0.4597
1132,19669.0,0.1463
1133,23815.0,0.4988
1134,19650.0,0.2315
1135,21592.0,0.3267
1136,18653.0,0.5791
1137,20186.0,0.1670
1138,25146.0,0.2708
1139,13258.0,0.6296
1140,15935.0,0.3653
1141,25266.0,0.2389
1142,24215.0,0.2904
1143,23329.0,0.1817
1144,27985.0,0.2546
1145,27779.0,0.2542
1146,24606.0,0.2836
1147,9062.0,0.4023
1148,20172.0,0.1720
1149,21741.0,0.2857
1150,19430.0,0.1265
1151,17687.0,0.1406
1152,13617.0,0.7212
1153,19160.0,0.7385
1154,24141.0,0.4031
1155,24472.0,0.0952
1156,15170.0,0.3511
1157,13145.0,0.3747
1158,12633.0,0.4536
1159,32083.0,0.1677
1160,19226.0,0.3796
1161,24797.0,0.3226
1162,21355.0,0.3372
1163,25995.0,0.2993
1164,34164.0,0.2037
1165,23198.0,0.3031
1166,17878.0,0.3426
1167,12947.0,0.2379
1168,15957.0,0.2586
1169,36433.0,0.1008
1170,17781.0,0.4778
1171,14116.0,0.4102
1172,17927.0,0.4773
1173,8348.0,0.5656
1174,18621.0,0.3820
1175,7808.0,0.4971
1176,20067.0,0.4102
1177,8550.0,0.5028
1178,16061.0,0.3640
1179,9508.0,0.4354
1180,8744.0,0.5357
1181,10179.0,0.3329
1182,7490.0,0.4434
1183,12222.0,0.3870
1184,18575.0,0.3489
1185,11206.0,0.2559
1186,19113.0,0.2452
1187,16794.0,0.5966
1188,18979.0,0.4224
1189,22946.0,0.2614
1190,35473.0,0.2825
1191,23730.0,0.3210
1192,22841.0,0.3566
1193,20646.0,0.2862
1194,20239.0,0.4097
1195,31093.0,0.1579
1196,21771.0,0.2650
1197,16104.0,0.5274
1198,18746.0,0.3818
1199,17824.0,0.3821
1200,22907.0,0.2221
1201,17987.0,0.3220
1202,14107.0,0.2943
1203,15403.0,0.2615
1204,14102.0,0.2973
1205,15292.0,0.2200
1206,19263.0,0.3147
1207,14807.0,0.2472
1208,10896.0,0.4311
1209,15648.0,0.2925
1210,12623.0,0.4181
1211,19378.0,0.1446
1212,16746.0,0.3685
1213,15419.0,0.2776
1214,14402.0,0.3009
1215,13621.0,0.3416
1216,11813.0,0.2315
1217,13857.0,0.1573
1218,13516.0,0.1890
1219,23206.0,0.2796
1220,10547.0,0.4737
1221,11331.0,0.3501
1222,9662.0,0.4896
1223,29631.0,0.4079
1224,9812.0,0.4904
1225,23121.0,0.3927
1226,23888.0,0.5665
1227,11826.0,0.3829
1228,16108.0,0.3316
1229,8258.0,0.3826
1230,9179.0,0.2849
1231,7358.0,0.3455
