,AttendedBootcamp,HasDebt,HasFinancialDependents,HasHomeMortgage,HasStudentDebt,ID.x
0,No,1.0,1.0,0.0,1.0,cef35615d61b202f1dc794ef2746df14
1,No,0.0,0.0,,,323e5a113644d18185c743c241407754
2,No,0.0,0.0,,,b29a1027e5cd062e654a63764157461d
3,No,1.0,0.0,0.0,1.0,04a11e4bcb573a1261eb0d9948d32637
4,No,1.0,0.0,0.0,0.0,9368291c93d5d5f5c8cdb1a575e18bec
5,No,0.0,0.0,,,dd0e77eab9270e4b67c19b0d6bbf621b
6,No,0.0,0.0,,,7599c0aa0419b59fd11ffede98a3665d
7,No,0.0,1.0,,,6dff182db452487f07a47596f314bddc
8,No,0.0,0.0,,,9dc233f8ed1c6eb2432672ab4bb39249
9,No,1.0,0.0,0.0,1.0,265fa78a1fb2409ff5416aec3c4f950d
10,No,1.0,1.0,1.0,0.0,3b461f95fe50be35b927c255b3f7dc3a
11,No,1.0,0.0,0.0,0.0,e786f1288887afb309eb913d28ffd6b0
12,No,1.0,0.0,0.0,0.0,10c74fd18bddfb3e26c1878a8583e7f8
13,No,1.0,0.0,0.0,1.0,13b67c51d575bf29827debf06168b445
14,No,1.0,1.0,0.0,0.0,1f641566628797bf0f811701e818ab2c
15,No,0.0,0.0,,,1ae10dc0d6fed06e8954af5f313cedf1
16,No,0.0,0.0,,,7dfbad6a32c7477604dea655327f20a2
17,No,1.0,0.0,1.0,0.0,b953218838a2f7057ec179cae0cf83ad
18,No,1.0,0.0,0.0,0.0,87fcfe4315ee8a3fb554d8bf608cb2ac
19,No,1.0,1.0,0.0,0.0,9b4935e514bdc9b66a35a085c229775c
20,No,1.0,1.0,1.0,0.0,8cf2a0f6b368a4a42572f775df0f5f90
21,No,1.0,0.0,0.0,1.0,b3d1716309461078c892edcd68db7d4c
22,No,0.0,1.0,,,be38b0df499caf723af579aa6b173b0a
23,No,1.0,1.0,0.0,1.0,97d2a0572f74acd8c4683ce7b72039db
24,No,0.0,0.0,,,4bfe54e669aa8eaf4c9db1b809f3b511
25,No,1.0,0.0,0.0,1.0,36f9d95975bfd2c89cfe75baca2d58d2
26,No,0.0,1.0,,,e886db962a67fdf6cddbd4e85ea5d6e6
27,No,1.0,1.0,0.0,0.0,212332278cfd07d49c4df986e6fbda1e
28,No,1.0,0.0,1.0,0.0,fb120d2658407cbedfd9f1136c94ac61
29,No,0.0,1.0,,,df891ef669fb23701f6622f14843bda2
30,No,0.0,0.0,,,4ca7bc0dd8354763eb7a46e70d63929f
31,No,0.0,0.0,,,e80bf5150e2756c880019188d603afd9
32,No,0.0,0.0,,,e425871622d7541328a1e89098b0aba2
33,No,1.0,0.0,0.0,0.0,9a63dd965cb220f67e07def9911c0c50
34,No,1.0,0.0,0.0,1.0,f1062e9ef6876d948546b74e6418b21a
35,No,0.0,0.0,,,d584425268aa1d6a622e2553b5a6530d
36,No,1.0,1.0,0.0,0.0,b67cc9e85e9d9804bf5c4454865b5a73
37,No,0.0,0.0,,,92800ffad18a940605890937ce3434a4
38,No,1.0,0.0,0.0,0.0,817c45e73fb23e512083696d65e76d98
39,No,1.0,0.0,0.0,1.0,bc7a311225558732449b948a4fc891b4
40,No,0.0,0.0,,,5c1dc917ad04443cdf1b8c9ca43c8de8
41,No,1.0,0.0,0.0,0.0,93f53693cf91031e05815ee6e0e594fa
42,No,0.0,0.0,,,f960ecda43960ecbdeb77d89c71982cc
43,No,0.0,0.0,,,c4796091222e4130cc18e5614d1d25a0
44,No,0.0,0.0,,,b18b8e5306e95b81c97e9bdd0c7298f0
45,No,1.0,1.0,1.0,0.0,9e7e9e27fcd5556d8c13596e76bdc18b
46,No,0.0,1.0,,,8b469700c0dff66a0c931b6b364de27b
47,No,0.0,0.0,,,db7b8b480c02d2a3bf5c21dd97d8f821
48,No,0.0,0.0,,,4c2308c85b47e3123e92ac8882026603
49,No,0.0,0.0,,,15ccf0460316d75677b6b57d56fa55eb
50,No,0.0,0.0,,,fe293ca32e227dc297c14da9067146e6
51,No,0.0,0.0,,,7c4eda5a0ef3aff3bf48f413874512e6
52,No,1.0,0.0,0.0,1.0,ffb43abb60751abe1cf25b7e8e82bd2e
53,No,0.0,0.0,,,0285064c6b4cc8605830e28ada7a8646
54,No,0.0,1.0,,,82c7c3d3763ccd8d005acd81386bab59
55,No,1.0,1.0,0.0,1.0,cd58da1fda434a452b6b8d6ff2d987eb
56,No,0.0,0.0,,,a3d3031ac9ebf9729b0901489f51f3b1
57,No,0.0,0.0,,,6af0115e67d61aa53daafd6997580654
58,,0.0,0.0,,,f2b324b6d29f67caa61d3d9281ca1d2a
59,No,1.0,1.0,0.0,0.0,c46034dc81a706517d409ffb38bc77ad
60,No,1.0,0.0,0.0,1.0,1845c77e6441fcf88cd827ddbf9ec821
61,No,1.0,0.0,1.0,1.0,fcb8fa5aabb06b58a622044cc6b6ff38
62,No,1.0,1.0,1.0,1.0,fcc823c9210fe7de466c995411e9ca8e
63,No,1.0,0.0,0.0,1.0,5efdcf5c11706dc8a8aa8828a16f8cdf
64,No,0.0,0.0,,,ceb36bd8da397e300c136e629d20d319
65,No,0.0,0.0,,,7b9ee0457faa130c0f115c8c4275de7d
66,No,0.0,0.0,,,cb48a6246c0b5ca23348c2236399da04
67,No,1.0,0.0,0.0,1.0,1b4e8f2b9a7b398dfedf95030806ae57
68,No,1.0,0.0,0.0,1.0,8547d1d5882e6ef38d3d5978fdb81a1e
69,No,1.0,0.0,0.0,1.0,04d3591d0b8a318f30d9d1ead6ee0ff2
70,No,1.0,0.0,0.0,1.0,c582cccc6ff71c98de700bf3b54ffa58
71,No,1.0,1.0,0.0,1.0,0332a473bafc6bc358d7a8ac64a39d8a
72,No,1.0,1.0,0.0,1.0,ab56a59076e6ee3a5311cc5beaacb41c
73,No,1.0,1.0,1.0,1.0,000a59f3aa3c122fba18944446e2b8ae
74,No,1.0,1.0,1.0,1.0,13a493108c692afb1e7b1fee38efee39
75,No,0.0,0.0,,,d2d8d21e09f2410dfa0ca0e12f3dffd0
76,No,1.0,1.0,1.0,0.0,697dc0c1cdb33dcff1644b4c6417cd29
77,No,1.0,1.0,0.0,1.0,2d072343f601a92df14de5e63f922909
78,No,1.0,0.0,0.0,0.0,55aa0b9d51af0bc2878246c9a11acd70
79,No,1.0,0.0,0.0,1.0,f93b92110ae205b4230bcf4e0d9f7a6d
80,No,0.0,0.0,,,1bdd582493e1aa4409a674be81c1cac7
81,No,1.0,0.0,0.0,1.0,f88b5cfaeca941ef1f57329abb27ca35
82,No,1.0,0.0,1.0,0.0,79506bcc4eaab1f7f40c6719b6e83d88
83,No,1.0,1.0,1.0,1.0,dbe4b1faf0e0ec1f2c3711ac4f8ce821
84,No,0.0,0.0,,,d6abc3cffe6a8f8d4ac0d64f3bfabc35
85,No,1.0,0.0,0.0,1.0,559c3cc6b5727ac18b198d9e3094929e
86,No,0.0,0.0,,,38d37ed8a96fe705db0cd9d1112c97fc
87,No,1.0,0.0,0.0,0.0,6ca993739cf368a8b764ecb355359da2
88,No,0.0,0.0,,,48439bea8554956d8a577b5ad63f9524
89,No,1.0,1.0,0.0,0.0,79aebaf36d9ccd10d0f1b2a9dff9543c
90,No,1.0,1.0,0.0,1.0,ea0319686c422efc9fe9c0364a6fb117
91,No,1.0,0.0,1.0,1.0,915f2ed898947d610e3b41c10bed72fe
92,No,0.0,0.0,,,24b64d38e5025f28bd5c0be8fd6ae9be
93,Yes,0.0,0.0,,,1a124244c3f5501bc0a5c96ff2387cc0
94,No,0.0,0.0,,,fe4b00562e4aaa53b4b6956d0631f021
95,No,0.0,0.0,,,9cc94bb3a1e6a029c54e1baaad346055
96,No,1.0,0.0,0.0,1.0,16e7110386a7c024adcb4753cdd042b8
97,Yes,1.0,1.0,0.0,1.0,f78cf5785eba1985f5bdb9de8dfdda69
98,No,1.0,0.0,0.0,1.0,65bb23364ae1581e38e35b166d47ef1e
99,No,1.0,1.0,0.0,1.0,ae712b0271669b79479c8051e56956cc
100,No,0.0,0.0,,,3aaae9b5b7a39f4a6b4febedc5152c2f
101,No,1.0,0.0,1.0,0.0,50eb0912d0efb00dee1b0590a48c8668
102,No,1.0,1.0,1.0,1.0,8a4040d2531281194752475dc2c53609
103,No,0.0,0.0,,,5aaa2d5e9596cccc55ca93a8d7de6127
104,No,0.0,1.0,,,b20068a41d1199ada2e55b5fdfd254f2
105,No,0.0,,,,e90cb86f2b59212724bce3b2dad53276
106,No,1.0,1.0,0.0,0.0,7c196c58dbee549119218158b2b28d8d
107,No,1.0,0.0,0.0,0.0,bc28535824b91a4a5b7cceb99bfe8d4f
108,No,0.0,0.0,,,f782065928d3abbecdce9ab3a9b963a5
109,No,1.0,1.0,1.0,0.0,ef28bd84f6258c4da82e48666bb19256
110,No,1.0,0.0,0.0,1.0,f7140cb6e76dd81a02a564f212c8092e
111,No,0.0,1.0,,,aab3b7fab354efae1732984885b2fd96
112,No,0.0,0.0,,,c232766de928ea9c51496b9d9b970cba
113,No,1.0,1.0,0.0,0.0,b966614dfd6db1e48279548396c1a511
114,No,0.0,0.0,,,0962ae81aa18a44fe2d894e5218488f9
115,No,0.0,0.0,,,515731d91f268aa14974aa4ca3ae9270
116,No,1.0,0.0,0.0,1.0,9102b4ecba524043f600aa935b03b4d0
117,No,1.0,0.0,0.0,1.0,6dea701828bd3f18513d4da19dc17729
118,No,0.0,0.0,,,f8ca2363d4865ae2c0be425590419fac
119,No,1.0,0.0,1.0,1.0,bae8750a6d21d0952b94240fc623c9bb
120,No,1.0,0.0,1.0,0.0,a77269d8b230226c7a50191004900eac
121,No,1.0,0.0,0.0,1.0,e2a8aaf43d7bd5efdd4833ff7df786b9
122,No,0.0,0.0,,,985f596883c4996c76382c7abd956dbb
123,No,0.0,0.0,,,43f3cf7ea0fba59cbf9d510feb720bce
124,No,0.0,0.0,,,6e3377245d5e895e3efe2dae9a79f8a9
125,No,0.0,0.0,,,5b8853338977659723f99ae2cd162a8d
126,No,1.0,0.0,0.0,1.0,b24666e9f420eb1b87d51792cf43e8ce
127,No,0.0,0.0,,,323d4158e958015b3c8adc46c6c40f0d
128,No,1.0,0.0,0.0,1.0,adf3108cec728098b52da592633d9624
129,No,0.0,0.0,,,ce1da26d222c2648c126199b5f7a0471
130,Yes,1.0,1.0,0.0,1.0,f87ba3223c5b429f47f754a11a6dfa62
131,No,1.0,0.0,0.0,1.0,2f7190b89e037220be1000a309fa39c9
132,No,0.0,0.0,,,abb54502eb65aa6f80cfe88dff4327ba
133,No,0.0,0.0,,,6f582e1f3cbe854c2c1857829a60380b
134,No,1.0,1.0,1.0,0.0,356dd9b0d654cd86490ad140a9e84172
135,No,0.0,0.0,,,543413b927445f68e2fb02e4e235f2c0
136,No,1.0,1.0,0.0,0.0,79180d0eb788567beae74b0954c31c06
137,No,1.0,0.0,0.0,1.0,023b18985c06a6194a690155971362df
138,No,0.0,0.0,,,a9b52237fb3d7201fa87f851394181dd
139,No,1.0,1.0,1.0,1.0,b08ec032275f0582ca67f2d43eecfcba
140,No,1.0,0.0,0.0,1.0,cf6ae3e61e1d99d98eee00407c7244f7
141,No,1.0,1.0,0.0,1.0,a18af89a32ba7b4af25a9d4c576828aa
142,No,1.0,0.0,0.0,1.0,6bb62f0136c9486bfdd79e35b6d4de57
143,No,0.0,0.0,,,168fef0effa9b039fac6e189e1012300
144,No,0.0,0.0,,,b8a498b072d4122f3e516dfab41eb504
145,No,0.0,0.0,,,8d8a7cdda48948b0dd168898efd50162
146,No,0.0,0.0,,,ec1a1572ef436f83371376300211e392
147,No,1.0,1.0,0.0,1.0,41f255175a94a88b73ee91fb1b2f9efc
148,No,1.0,1.0,1.0,0.0,ee9345425092dc9c819f88ddbbf00051
149,No,0.0,0.0,,,1a4d9fb5a5df63ea0a9bc55525ddaab1
150,No,0.0,0.0,,,d9f4e7b260e105e7955bf12d2da7c71d
151,No,1.0,0.0,0.0,1.0,e06c474d0cfbd077fa3dc9ab1a30c560
152,No,1.0,0.0,0.0,0.0,7de121b27491b07a8a3906dd6104fde6
153,No,1.0,0.0,1.0,0.0,43d0fbe9f86b58841887c08f93d0a084
154,No,0.0,0.0,,,4ce1000624e1bfbb91ef068be310543b
155,No,0.0,0.0,,,9e948b75e51e3498c20f268dd1c9e007
156,No,1.0,0.0,0.0,0.0,20d54c4b6c4458ccf7944a245da2c69c
157,No,0.0,0.0,,,73b322b87d6b4f40616fcad76efe8d53
158,No,1.0,0.0,0.0,1.0,a43b01b82363742c51108b36a6a02689
159,Yes,0.0,0.0,,,ed88f2b577958160de20142de76311ed
160,No,0.0,0.0,,,229c191d8ffb46574cf1f7ab3e972487
161,No,1.0,1.0,0.0,1.0,e38fdfea49450bfa1167e0d303e35ae1
162,No,1.0,1.0,0.0,1.0,2013276af90de3a4a60f27ca4d3a5299
163,No,1.0,1.0,1.0,0.0,cf95715468ca2961cce2a7e2059b487d
164,No,1.0,0.0,0.0,1.0,2a45a21781c933d2c5289512dc740e30
165,No,1.0,0.0,0.0,0.0,61d325f1cf5cfbab3664c059bcc67ec8
166,No,1.0,1.0,0.0,0.0,f98f1434583754a98e34d4c27b42940c
167,No,0.0,1.0,,,e49eeed45bceb67e1ce636365db309d3
168,No,0.0,1.0,,,22497d3eef9ecab85a4995400dd810cb
169,No,1.0,0.0,0.0,1.0,30eda57cb348c200e55f17f97648ef8e
170,No,1.0,0.0,0.0,1.0,406c665f2e89c080581d4313eb95d314
171,No,0.0,1.0,,,69717f73ca503a6340f8b1a5cdab94f0
172,No,1.0,1.0,0.0,1.0,90cd7f1de45d7efa868a716ffbaa973c
173,No,1.0,0.0,0.0,1.0,05a7d046ff8400334f5fadb1e800683c
174,No,0.0,0.0,,,467de30e2d7e656525011146c3059666
175,No,1.0,0.0,0.0,0.0,24cdc888c10e51dac316976d057802a9
176,No,1.0,0.0,0.0,1.0,1eefb5cfab35c327f024dc457d5973b4
177,No,0.0,0.0,,,ff9480563beeb6fc8ea1b0de2e587999
178,No,1.0,0.0,0.0,1.0,78331d20a4b80a470e7ecbf0fbf2ed16
179,No,1.0,0.0,0.0,1.0,db9907fb6e5b0d458e19c7b3123433c5
180,No,1.0,0.0,0.0,1.0,d1d9d6a41a55732daa7c1239f620b60b
181,No,0.0,0.0,,,356fa321cb450737def4325f36ebf438
182,No,0.0,0.0,,,448c14968963552a1e10bccc61322e43
183,No,1.0,0.0,1.0,0.0,efef7dbc2806c8e204e72905d4fee1bd
184,No,1.0,0.0,0.0,1.0,8b5c0f026fbcf669e148a556e51ee298
185,No,1.0,1.0,0.0,1.0,631050b08841f73f82a11538b5b40c6d
186,No,0.0,0.0,,,2d022a645cb20142b72831d152e4aa20
187,No,1.0,1.0,1.0,0.0,9c251c6c460e08e71d06e3f9778c9c00
188,Yes,0.0,0.0,,,f0b877dadaad5dcd63aa5b1568d68d02
189,No,0.0,0.0,,,5f90939d3466a1d2d2d2bd965b9313f6
190,No,1.0,1.0,1.0,0.0,6e7b9fdfd60c07a5d021033aa49ece3b
191,No,1.0,0.0,0.0,1.0,639b8fc1a4c593eb68e5f18d43a20267
192,No,1.0,1.0,1.0,1.0,025fd70a974e45bb5a959d3557534acb
193,No,0.0,0.0,,,2ded6d9ef4f8cfdc79321d5395699b11
194,No,1.0,1.0,0.0,1.0,8eb93759fc7a5419d69860363fa59175
195,No,0.0,0.0,,,fb32d05520e7a76bd46d8d81f438e258
196,No,0.0,1.0,,,d5013eb6429c68a1892faaa6a2af4947
197,No,1.0,1.0,1.0,0.0,50589fccdff6a891d257b08e1af7690b
198,No,0.0,0.0,,,d1536b6eeb9644764ec366ef3f0c091c
199,No,1.0,0.0,0.0,1.0,df530203cdba353e3c6ec1fc8c8d9ba9
200,No,1.0,0.0,0.0,1.0,9491a2f1bb93be467ca2c5e099ecf9da
201,No,1.0,1.0,0.0,0.0,e249e40a579c3aebbf2534b836f0f93f
202,No,0.0,1.0,,,33c65ad117b730189f32cc64af793b08
203,No,1.0,1.0,0.0,0.0,88d392b1972ea5e8b3742227f19097be
204,No,0.0,1.0,,,63d885260e5651425b427934101fec69
205,No,1.0,0.0,0.0,0.0,b7f805ea96d803f3ae43d68bdc064ce4
206,Yes,0.0,1.0,,,525b284e53e79fd4cf581449ddeb5395
207,No,1.0,0.0,0.0,1.0,de307c6deaafa3073ba04cbd8de9acf7
208,No,1.0,0.0,0.0,1.0,9bad5739bdbccee01f57a0bf4dd7e2a1
209,Yes,1.0,0.0,0.0,0.0,0385461c90fd45836b5e3c6a7d80f78c
210,No,1.0,1.0,1.0,0.0,7ff0d19d8ef331f84973c9b96524dca0
211,No,1.0,1.0,0.0,0.0,dbf7aa58146830008496bfbf91f9078d
212,No,1.0,0.0,1.0,1.0,038b8b9a03715d0c12641e8c7becb146
213,No,1.0,1.0,0.0,0.0,28d2d0650382371072abc3f9735888ad
214,No,0.0,1.0,,,8ed015a37332fc1c0ef3ac221b3dba29
215,No,0.0,0.0,,,27c814c81f97d441d1af99f2f1813b36
216,No,0.0,0.0,,,d34a282c0f126ccdda557e01cbb34b79
217,No,0.0,0.0,,,2295a1523faa0256d71bd50dfc3b7f7b
218,No,1.0,1.0,1.0,1.0,80323c676e28133ea39f6dae2a999f2e
219,No,1.0,1.0,0.0,1.0,d7bdaec7d0cac7ff1db7bbd23f2a71d1
220,No,1.0,0.0,0.0,1.0,44f50b6b12735e6584d5d5c991f0f862
221,No,1.0,1.0,1.0,0.0,ce76c1f6b02cd40aa66748954de4b3ea
222,No,0.0,0.0,,,ca6b852eb155aaa5d19117897b0ac488
223,No,1.0,1.0,1.0,0.0,654000b866ef976f48580cd0c47ebfc8
224,No,0.0,0.0,,,0bd9e47674d732316199e4988e16c206
225,No,0.0,0.0,,,2aaf4cec8246c0831a65d9b4f61cfa02
226,No,1.0,0.0,1.0,0.0,62bfb032ccc37a26660c1bbbec6c2edd
227,No,0.0,0.0,,,18b77f771f71818b5fb9f51f7f9d57b2
228,No,1.0,0.0,0.0,1.0,2cd8eb5208ee0ba70d45af9b1776305b
229,No,1.0,1.0,1.0,,2fd807a92daab2849610a2880e785ee4
230,No,1.0,,0.0,1.0,72cea2ff9e889c6ecd0a2c794f286f5c
231,No,1.0,0.0,0.0,0.0,9a6108e65b095e00880588423f916106
232,No,0.0,0.0,,,26f39f8f1187e7aef5898fcd9022686e
233,No,1.0,0.0,0.0,1.0,0ff14c9caa9da684cee175b359ccaa4d
234,No,1.0,0.0,0.0,1.0,c50188d499d507637d086123c070b9e0
235,No,1.0,0.0,0.0,1.0,8048855597cf3360a4f1b7fc84536fbe
236,Yes,1.0,0.0,0.0,1.0,dc58387dfa3a51af13d6da380aa7f245
237,No,1.0,1.0,1.0,0.0,2ddea4169540afeb867101babc0b8382
238,No,0.0,0.0,,,159c34a527762ca4ed166a9346e512d9
239,No,0.0,1.0,,,a451fbda66cc9c620b59f7f6181a59f9
240,No,0.0,1.0,,,278a2b95ca46ea9b469dfcaf61a266d6
241,No,1.0,1.0,1.0,1.0,2d50101dba3523016d6441516aa4687d
242,No,1.0,1.0,0.0,0.0,84417ce49dc5b6520f2becddd50be989
243,No,0.0,0.0,,,e4a05c4f9dae9fefa1ea45e40a52f9c2
244,No,1.0,1.0,0.0,1.0,4bc888559dc68aa91d7718e35a28b382
245,No,1.0,0.0,0.0,1.0,ba1047565f1b8d5f76c0c0de8e3dc2f7
246,No,1.0,1.0,0.0,1.0,57b2f8c6a7f2ff723f62c7f3c2685968
247,No,0.0,0.0,,,ef779cd37a3520cb2ab632090f18948e
248,No,0.0,0.0,,,c43c763d72a9defd3ddb906f99be231f
249,No,1.0,0.0,0.0,0.0,2d643d436b1d09ab610f8b44ab65e660
250,No,1.0,0.0,0.0,0.0,f010c12caed06a41375465fc86de47a7
251,No,1.0,1.0,1.0,0.0,eed302e39ec33bcffa13442f80c7e0f6
252,No,1.0,0.0,0.0,0.0,58dc56eb83e5d4fb84a94bb7c983216d
253,No,0.0,0.0,,,fadaf73833bf5579e48833ca34f20aed
254,No,1.0,1.0,0.0,0.0,e2b6f1f110a7a86c313cecd56d0fd8a9
255,No,1.0,0.0,0.0,1.0,21d596c362a3616dacb853b872a9dd7f
256,No,0.0,0.0,,,0b0656054388dcab995f4222364fb7e9
257,No,1.0,0.0,0.0,1.0,7a4eb4bdbb228f3e2cdbd39f4a8907e4
258,No,1.0,1.0,0.0,1.0,86afdb054d7905f5825c14c7c6d98b07
259,No,0.0,0.0,,,4978909e076957bcb106075d72049265
260,No,1.0,1.0,0.0,1.0,01b9073be710e77b799c08c2ce0156a5
261,No,0.0,0.0,,,c80a27aae1c34bd636cb3dc6ca7249d7
262,No,1.0,0.0,0.0,1.0,7449a0616c28e0f489258b3c5d3be30a
263,No,1.0,1.0,1.0,0.0,bad42d1a0772a1c489bc01218d066226
264,No,1.0,1.0,0.0,0.0,99e82470bbf519835c315c6c3055c06f
265,No,1.0,0.0,0.0,1.0,43dd25a792157e886c8e238c10f0e227
266,No,1.0,0.0,0.0,1.0,fe4186279b871d23483c00a254cdfcf7
267,No,1.0,0.0,0.0,1.0,8af9f3bf22e07e8e4e931cf6dd43db44
268,No,1.0,1.0,1.0,0.0,365da54f52b5e9e52146f05b6ba92697
269,No,1.0,1.0,1.0,0.0,b9ea92a9ca8525bfab284d6981a3b957
270,No,0.0,0.0,,,a2f9b7f2b1f0b3d8780c33c90795864f
271,No,1.0,0.0,0.0,1.0,eb55a4cfb64a60a0b6653023ec056b7a
272,Yes,1.0,0.0,0.0,0.0,7359f1cd87e6a65caebc5fc9a0dd0cac
273,Yes,1.0,0.0,0.0,1.0,424089e356bfff55d4550e23d4558477
274,No,0.0,0.0,,,5d61932e8a29473fba458c3582128269
275,No,0.0,1.0,,,f2933fdd1188a2edb33c0d39153a7edc
276,No,0.0,0.0,,,00d1f67eef6779f9b0590ba06a353ce3
277,No,0.0,0.0,,,9c9a509bf6ab23a1b66f0d1cca794a18
278,No,1.0,1.0,0.0,0.0,862565026627e472d9ea34330bf73370
279,No,0.0,1.0,,,a28faeb29be0460e4292d37c7eb5b1ec
280,No,0.0,0.0,,,eaf1133f56be0f6f913f62cbb2356549
281,No,0.0,0.0,,,e96a0a2430b318cd240caee573280fd1
282,No,0.0,0.0,,,58788275f33f64e97141794c4068fb24
283,No,1.0,1.0,0.0,1.0,0975b303761870653203e623d750d634
284,No,0.0,1.0,,,0b769a9f7617f7033b1e2c581d594354
285,Yes,0.0,0.0,,,74782314e1526af3728a7dee67b985a6
286,No,1.0,0.0,0.0,0.0,5ec10678bb606c395e12dab980c47296
287,No,1.0,1.0,1.0,1.0,c798f4e95eb424401a1a25298e3f01be
288,No,1.0,0.0,0.0,1.0,41a26075dd0b125710fb8a73f0f851ea
289,No,1.0,1.0,1.0,0.0,cad964dd06e120f93794288cbb72d0b2
290,No,1.0,0.0,0.0,0.0,24a175342bf4fe6b7db305e2e7f7cce6
291,No,1.0,0.0,0.0,1.0,eaab9ef381228f0819616943c6d96bb4
292,No,0.0,0.0,,,2b6e0f52205e829b176d2d3eb4e619f8
293,No,1.0,0.0,0.0,1.0,0094a82fcba4baf82308abacd8bfb21b
294,No,0.0,0.0,,,5251cc799069c32f484926ba4ce158cf
295,,0.0,0.0,,,ef678b8674a54d87b3d1cffbae66ac9a
296,No,1.0,1.0,1.0,0.0,8e997fd8c9fd8127c36f255e5a432bd0
297,No,1.0,1.0,1.0,0.0,1d9c30bfda5b55ba9729dc968af36d02
298,No,1.0,1.0,0.0,1.0,481ec9dec569727d6db6a8aa7cd8dd19
299,No,0.0,0.0,,,d8feb9d9c5cec0f3c9642b24df39f0f7
300,No,1.0,0.0,0.0,1.0,69886b9fa975f7f2c96749ab87b458c8
301,No,1.0,1.0,0.0,0.0,308d22f545b4a884f615f70dab989f14
302,No,1.0,0.0,0.0,1.0,e769bf3ca2b57c53b9754eb419816b8e
303,No,1.0,1.0,0.0,1.0,f0d0b0964b22d740ec8e041534f27b32
304,No,1.0,1.0,1.0,0.0,4a72e834a189628f4a229798b54b0670
305,No,1.0,0.0,0.0,1.0,1ac2d1951a524f99ccafb81b9aee641b
306,No,1.0,0.0,0.0,0.0,efe11f1769d5998a54001cdad2d10cc7
307,No,1.0,1.0,1.0,0.0,36a6524591f5849e1beacaee4f3b2fa3
308,No,0.0,0.0,,,6001cf4d37b53ccb9678a63bcf7f17e4
309,No,0.0,0.0,,,dca96986aeeea2dd1283070218e0206e
310,No,0.0,1.0,,,0b13e6bc78bdc0c3f46d0af1ed385cc3
311,No,0.0,1.0,,,c1f4c0c68f93c752714c45a9c65dc96a
312,No,1.0,1.0,0.0,1.0,331765c683fb1f95d2a9394748925748
313,No,0.0,0.0,,,58d4bc5a246a1967648a9c39ab979d62
314,No,1.0,0.0,0.0,0.0,b12096e1f730f2887e35fb3f7cb959ee
315,Yes,1.0,0.0,0.0,1.0,cdeb00f20d47d0a4a38fc0159bacc654
316,Yes,1.0,0.0,0.0,0.0,f7cdacfacedc22f0b3eba01e355cdb6a
317,No,1.0,1.0,1.0,0.0,c71f7009e0ca494687fea373cffa0310
318,No,0.0,1.0,,,f039194ae4d425ecebce69778aff48a3
319,No,0.0,0.0,,,ef3a8cebb0798d5b429530311b9ea577
320,No,1.0,0.0,1.0,0.0,ee01d3d910a8c9e4415cbd0a878838ae
321,No,1.0,0.0,0.0,1.0,2aad1f527c551919891ec908960d8713
322,No,1.0,0.0,1.0,1.0,34d1e2733b997f6f47698b5ddcf47c9a
323,No,1.0,0.0,1.0,0.0,13582762e916cd3ae56df934255fe8a6
324,No,0.0,0.0,,,c75c67f51d54f6f4c0d08589fd5189a1
325,No,1.0,0.0,1.0,,b62b7d9dd177fb16375180f342105ebf
326,No,1.0,1.0,0.0,1.0,06408d77dc479ca08c57a0f23edc27c6
327,No,0.0,0.0,,,fe7b5b3e6269c5533b1d5ceccc22f90d
328,Yes,1.0,0.0,1.0,0.0,a9ba6a09e4007092ec4dbad9ea22f4f5
329,No,0.0,0.0,,,f900bde6030184de53708502f6eae147
330,No,0.0,0.0,,,47a7a2120c3395a3ae61d51c98e2a990
331,No,1.0,0.0,1.0,0.0,5c38ad25ba1221fd12dcc8311e048f48
332,No,1.0,1.0,0.0,0.0,ac7a507cb10f3ec04cde4852e471f686
333,No,1.0,0.0,0.0,0.0,d047f2b9bfc0a6f4aecd8f0f13400897
334,No,0.0,0.0,,,1d9df8b6f04102cb718b903e98529db2
335,No,0.0,0.0,,,d8822b062ff95dbf20cf4c22079cb7bc
336,No,1.0,1.0,0.0,1.0,b7d7056172bd681750a435c255ad4022
337,No,1.0,1.0,1.0,0.0,bc6ab4197d823afef8535c427a0f42e4
338,No,0.0,0.0,,,1d7c9e19a27093bbb5e9dc428a09c8de
339,No,0.0,0.0,,,188c0e10c979f3b70e54fd022a12bd0f
340,No,0.0,0.0,,,ba6439b036205cbdde7611c3bad0ef67
341,No,0.0,0.0,,,792f48512486dcc9417c996532ffe040
342,No,1.0,1.0,1.0,0.0,b8e4612bcdd902fcd137ae0dcb16ced2
343,No,0.0,1.0,,,90709ea6c73873471b6fa92b3f529fc9
344,No,1.0,0.0,0.0,1.0,f0bba877c553f5900c7dbd12aee18a26
345,No,0.0,1.0,,,9795f46d07005357a9da58fc98de363c
346,No,1.0,1.0,0.0,0.0,83164bbbf6672e102a5af109b5f9847f
347,No,1.0,0.0,0.0,0.0,d7f0e89fef55a4db87c8b4a0651cd736
348,No,0.0,0.0,,,47b311d186ff68e45d1c288340373dac
349,No,0.0,0.0,,,8fcf459990268a90715922604297f0c9
350,No,0.0,0.0,,,3941cab670d1f8d2f313c0839586a947
351,No,0.0,1.0,,,88261adb72002f3adac4322dbe2f7ca1
352,No,0.0,0.0,,,ca0dcce86a613a48023be72bb08e545e
353,No,0.0,1.0,,,e03ff3fd13c9c8b89733c7bd59902cb4
354,No,1.0,1.0,1.0,0.0,6f6b06b347fb47b65b1a0cfa9ba44da7
355,No,0.0,1.0,,,9e55928f94f0f0711c33cc491bda819b
356,No,0.0,0.0,,,3616802d51c240d39125cdd6268c2015
357,No,0.0,0.0,,,1e1a3b5cdd1646ea81b5ff8f642283f2
358,No,0.0,0.0,,,2913124445bc441e29f5f889917bf27b
359,No,1.0,0.0,0.0,1.0,03d747adefa63525c7dcaab4aa1a6061
360,No,1.0,0.0,0.0,1.0,0ddd618ae00f09fe0d7f36c4f436c487
361,No,1.0,0.0,0.0,1.0,1c4e712cdeb267fa230e09c3e192320c
362,No,1.0,0.0,0.0,1.0,56001c54f8d19ee5bc3cb8db63b32bef
363,No,0.0,1.0,,,d752ac5b4898bb95c2b3271cd021b3b5
364,No,0.0,0.0,,,908df98021d340702a45f52a5b04cfdb
365,No,1.0,0.0,0.0,1.0,c465a3008dd71d1a38fee9ba2121847b
366,No,0.0,0.0,,,f1745042e6d389b54090110099774f11
367,No,1.0,0.0,0.0,1.0,98525198af0bba1749faf202cfaaae37
368,No,1.0,0.0,0.0,1.0,6097a8584a901ce18be7cc013bc99bb9
369,No,1.0,0.0,1.0,0.0,9c2ecb20fa1b28621573c6aa951e7c7f
370,No,0.0,0.0,,,56a1873c8dacd33d6326c9611c95ad0e
371,No,0.0,0.0,,,5e21db6b6982f64e06aaf6dcef7cc8cb
372,No,1.0,1.0,0.0,0.0,260910bcc5267249f3974425929e92ea
373,No,0.0,1.0,,,39ad33c469002917aa80a2d359a2e57d
374,No,1.0,0.0,0.0,1.0,0114f401f7825d3e9dc1a9455256d8bb
375,No,0.0,0.0,,,ce32001e33e5acfd648c565d8ed5444a
376,No,0.0,0.0,,,4e1884e17bd329f7a15cbbbf9a2781f4
377,No,0.0,0.0,,,6d90af51b8939efd67864982d523fcaf
378,No,1.0,0.0,0.0,1.0,acd75103e0d1523d2b0414ffc39d0e9b
379,No,1.0,0.0,0.0,0.0,7b03bda4c6239cc09fc7b85b5bc52757
380,No,1.0,1.0,0.0,1.0,5ecac9d57c0cface60363e7454b1440b
381,No,1.0,1.0,1.0,0.0,ed5a7554474a225ffa413ad39b40b6ea
382,No,1.0,1.0,1.0,0.0,559311e2fb239beba6e8dfd6069dd380
383,No,0.0,0.0,,,411f92a45260c1006c3e84fdd88d28ff
384,No,0.0,0.0,,,f62cedc58ddaa19366a8c1725e5da5f4
385,No,0.0,1.0,,,9716809d053eeecd4b7a90d08de7959d
386,No,1.0,1.0,1.0,,573b6cdfd1383d2234dbcb84d8de5e29
387,No,0.0,0.0,,,a8137ab85c84c6156440c92841b9079b
388,No,0.0,0.0,,,3b699fc5b7e12ebb8a66181811fe62e0
389,No,1.0,0.0,0.0,1.0,4c9bf21bfb9d987d739749bd13ae31ee
390,No,0.0,1.0,,,ecd39b7ca0e3695022b8bf8992123037
391,No,1.0,1.0,1.0,0.0,8496a6a7b0049cb593f2b9d20457743b
392,No,1.0,0.0,0.0,1.0,84cfcd36e34de9371ebdad598ef612e8
393,No,1.0,0.0,0.0,0.0,ca2fe27a25a87092db1e28b2769c63d4
394,No,1.0,0.0,0.0,0.0,2dfc49ff1767a3add31602bfc8059f9a
395,No,0.0,0.0,,,c11e0a0fda0d5279f51f6658feb65150
396,No,0.0,0.0,,,8eb4441e4a415a68256ffbeea190d776
397,No,0.0,0.0,,,373403845b898831f86fd0ac8fdf73fe
398,No,1.0,0.0,0.0,0.0,f225d5538b1d91a8bf58fe3a4d395de5
399,No,1.0,1.0,0.0,1.0,38c8775a9b9caf29a1c67d0765162f6c
400,No,0.0,0.0,,,fdf6d708a41f288e490542c1171e7416
401,No,1.0,1.0,0.0,0.0,ab3fe5dd1fb3480cfe6bc02c2a6243f2
402,No,0.0,,,,88d678db4e8c9c457d5c3da88d6802c4
403,No,1.0,0.0,0.0,1.0,817b1f22174a5f416228b29f0752a0b3
404,No,1.0,0.0,0.0,1.0,ebe052a23e05f2f9e9871c05a6d173c4
405,No,1.0,0.0,0.0,1.0,c6e0ffb236b1ef497f15d079f0f78e70
406,No,0.0,0.0,,,637beb2b8ce2b9a5b32854b051a093ca
407,No,0.0,0.0,,,1829d79e1c8dc7bd4a7563be473c9da3
408,No,0.0,0.0,,,23ae54ea9da8dceb6846631ad3f01f74
409,No,0.0,0.0,,,6495526de5ed2f09227771048af57e38
410,No,0.0,1.0,,,3f827c709602758d8a25ad883e981203
411,No,1.0,1.0,1.0,1.0,509561a6607fcf244119491d74280ff3
412,No,0.0,1.0,,,439635125b14ec7ff9b754dcfd257804
413,No,1.0,0.0,1.0,0.0,09f71a1e1b0aaf42a8143199f594cf5b
414,No,1.0,1.0,1.0,0.0,fc42844a3509323b0ed48cd25e1a99fc
415,No,0.0,0.0,,,7e29a2f73db1e5d268c1dc4918379c22
416,No,1.0,1.0,1.0,0.0,d5786c911bed021d9413daef415784af
417,No,1.0,1.0,1.0,1.0,95051b00d16dd94230ecb0536e8e12d1
418,No,1.0,1.0,1.0,0.0,f8e615e0e6a7abf4fd46cab32140ebff
419,No,1.0,0.0,0.0,1.0,ae8b61c5e147eca58766b0b4d668f201
420,No,0.0,0.0,,,8bdf8e6aee32594c183fe59f422e5559
421,No,1.0,1.0,1.0,0.0,f516e9efa8f8f7b76f06d09922125104
422,No,1.0,0.0,,1.0,2354063080f054fb370fba039f989fa8
423,No,0.0,0.0,,,7c22a9b50b477bc7e1069e974ec78ef4
424,No,1.0,0.0,1.0,0.0,5b86439af2efdab2cd867fc01da254e7
425,No,1.0,1.0,1.0,1.0,b3ee33c875c0f98d7a21efbbb57ec332
426,Yes,1.0,0.0,0.0,1.0,3ec84bbff1e8d29217eb4bfd78d68d1f
427,No,1.0,0.0,1.0,0.0,ba4d35632a231dafbda39034b3d53c7b
428,No,1.0,1.0,0.0,1.0,0f63fd728232c793d3698aef247b1f38
429,No,1.0,1.0,0.0,1.0,02c7f5c88a959f265b62755c2880f13c
430,No,1.0,1.0,0.0,1.0,6c8697c8c593e4071af996b0bacfaaba
431,No,0.0,1.0,,,452ded5b46f71f35cc91e5504cce05f8
432,No,0.0,0.0,,,8e631c328741fd349f641758675cfc8b
433,No,1.0,1.0,1.0,0.0,2c657b5fba0d1472dd2b52d5b95b803b
434,No,1.0,0.0,0.0,1.0,c0aa2eb2f5157fa3c24eeb9d178dae69
435,Yes,1.0,0.0,0.0,1.0,48ebe2608df6830b2cacdccf6b8c97dc
436,No,0.0,0.0,,,e5ffbd8116d29551879d54e1c6db1690
437,No,0.0,0.0,,,a33dee75e0fc0401ff3ce5ccc4cb5524
438,No,1.0,0.0,0.0,1.0,ce272228eacba18428022e32c27da7c1
439,No,1.0,1.0,0.0,1.0,5854b78a14da32731e9711aa592f0406
440,No,0.0,0.0,,,325489f057794d45044d8eae065756f7
441,No,1.0,1.0,1.0,1.0,31a37a8dc652efb6e1223c67dcf1754b
442,No,1.0,0.0,0.0,1.0,ed29674188e9086029b36ac2dc89db4c
443,No,1.0,1.0,1.0,1.0,e7596bc2b8f1574157baeac42b9e40f9
444,No,1.0,1.0,0.0,1.0,75bf00e283b0c4d679a5d43b815afacb
445,No,1.0,1.0,1.0,0.0,6121531e7b557c1fff26b827e1294a6a
446,No,0.0,1.0,,,c3bca12b4ec4395a406e89f1c2d9a15c
447,No,1.0,0.0,0.0,0.0,df664b73f0178f4e1342cd937cb5ed9d
448,No,1.0,0.0,1.0,1.0,8be1c2fe9616719a803779cbb497a38c
449,Yes,0.0,0.0,,,f9b765a27e9871742b80a6482b0c69fb
450,No,1.0,0.0,,,d38b65a4cc73ab1ea44e23419d0e5b05
451,No,1.0,0.0,0.0,1.0,1d55928374f151a3c6620c1f3884be72
452,No,1.0,1.0,0.0,1.0,cd1fc28b018a9ca8313f104f51aeae9f
453,No,1.0,0.0,0.0,1.0,c614b66eda478e482f87259d6a28688a
454,No,0.0,0.0,,,7d8aafaa4ff2835f4e4e8bef28417bae
455,No,0.0,1.0,,,d629a35401fd64dc9d8a31747626aadf
456,No,1.0,0.0,1.0,0.0,c920d6b79cd2bdfd90ea60311b2f539e
457,No,1.0,1.0,0.0,0.0,fa653093be336c56957cb85bb701298c
458,No,0.0,0.0,,,a46180130b568ede41ac9ed35433d690
459,No,0.0,0.0,,,0e963cc958379a75bdc1cf45625fc0ab
460,No,1.0,0.0,1.0,1.0,5b1c662504c5aac10f0b92ac74d9f260
461,No,1.0,0.0,0.0,1.0,82a1d938c73bf51405c2c8943f5fe207
462,No,0.0,1.0,,,7e113fb60d62dba1f446312639f10e75
463,No,1.0,0.0,1.0,1.0,bf85b70f9e8ebd1a6c208c67f33d3b2d
464,No,1.0,1.0,0.0,0.0,182a29e4e0c98401953dc67e73e79c97
465,Yes,1.0,0.0,1.0,1.0,5fe0b42e40c8766927286e98388d4f4b
466,,0.0,1.0,,,ed81f099b38a316d0326f9db4bb331da
467,No,1.0,0.0,0.0,1.0,2e7b525630f39fda7379611787e6fe67
468,No,1.0,0.0,0.0,0.0,497687c541ee047a1cdfdcebb1a3c937
469,No,1.0,0.0,0.0,0.0,8b23496383229ae640dfd6424fd8266d
470,Yes,1.0,0.0,0.0,0.0,1cf9a68da8dc3d43eef57a1c4df4d52d
471,No,1.0,1.0,1.0,1.0,159566336d3e7fff1374e34cc770fcbd
472,No,0.0,0.0,,,0e6c296f50ca32ce8e501862e4d7470b
473,No,1.0,0.0,0.0,0.0,62f74fd2211da626bd7913405e912ffc
474,No,0.0,1.0,,,f1c6b641e8c0dad374ba84f6e354639c
475,No,1.0,1.0,0.0,1.0,aefbc73d76bf5131922a67394bb8537c
476,No,0.0,0.0,,,c5e12e2f811867cb27bd94e04fb6c6ec
477,No,1.0,0.0,0.0,1.0,5a3609a140d4d3a8527d7f4c9aaa6e94
478,Yes,1.0,0.0,0.0,1.0,28d8804792e14adee85fe5d3a126d054
479,No,0.0,0.0,,,b70e039b0fe0cf538b6c6a64eb809fa5
480,No,0.0,1.0,,,c9299d7330ab59a2d6fea957b6096e42
481,Yes,1.0,0.0,0.0,1.0,f79ceb7fddb141c24d0685ffaf2f354c
482,No,1.0,0.0,1.0,0.0,2df5aff052e210bcea41c63f043879d0
483,No,1.0,0.0,0.0,1.0,a7e9f2dbfc5c2822832b349a850abc10
484,No,1.0,0.0,1.0,1.0,71897a416ffcab06c81151b7e8a66884
485,No,0.0,0.0,,,5fdcc5c6845a5797b80dd8f9eb6e4f82
486,No,1.0,1.0,0.0,0.0,3a63e8700ec4aa23f58ce58f69ddfdd2
487,No,0.0,0.0,,,48c27114659badd3bbf3987b3cf4a048
488,Yes,1.0,0.0,0.0,1.0,2af56dffb643186e4cd52c3fe662ee2a
489,No,0.0,0.0,,,505a26f8be6b66f4a6f6c0e9e9e08d9b
490,No,1.0,0.0,0.0,1.0,ec73da313ea2a53376b3c842aa918a93
491,No,1.0,0.0,0.0,1.0,257850c45f2036500ecb0665aabfccbf
492,No,1.0,0.0,0.0,1.0,b074803908264b9e03ce5feef733ce03
493,No,0.0,1.0,,,25b300b82ed5c72d8e5c701e3100421d
494,No,0.0,1.0,,,1951da849a06fb15cca0ae14df6dfc30
495,No,0.0,0.0,,,f4516cd80a3971560bb2ad73aeb1c6ef
496,No,1.0,0.0,1.0,1.0,f5ff8af5d18a37f34a61257a5ddccb9f
497,No,0.0,0.0,,,6ecf788bd5340f6988d02c43ba8c0370
498,No,0.0,0.0,,,dc641c54439cfd2d2382efc4a271a65d
499,No,0.0,0.0,,,a6f3c2c36b319f86257d6aed5642c562
500,No,0.0,1.0,,,ddf0d1f581919e7775c5d192d6218d28
501,No,1.0,0.0,1.0,1.0,814c953ff6f7b3874221a1c344630159
502,No,0.0,1.0,,,0312d7bafba08b8ad32f6f3224f13876
503,No,1.0,1.0,1.0,0.0,321c81d86cab8ba1c511f28261c319de
504,No,1.0,1.0,1.0,1.0,49a638992549089d0878c6a916ef1640
505,Yes,1.0,1.0,1.0,1.0,98533fdc798dff3271fea5e1c35171c3
506,Yes,1.0,1.0,0.0,1.0,138966225c902801c882018efdc317a9
507,No,1.0,0.0,0.0,1.0,0686523cd949f7fc6786be814dcf0075
508,No,0.0,0.0,,,10512e7e32a8c6cd6a6dfc9d79b18865
509,No,0.0,0.0,,,103a553f459a38c48f43ee1cca352b01
510,Yes,1.0,0.0,0.0,0.0,eb615dca59b7e5b10a357c69559964bb
511,No,1.0,1.0,0.0,0.0,927fb30b17d174718ec7571a027de8c6
512,No,1.0,1.0,1.0,0.0,77eb06fe10a198e648e3cd2e5da4daa7
513,No,1.0,1.0,0.0,1.0,47ccdb3ea22fdc1e05a090c5ceb31a3e
514,No,0.0,0.0,,,3e24ab756812b5c1cf7f1748bc902feb
515,No,0.0,0.0,,,a3c504f6a887a91f045d5952fda79887
516,No,1.0,0.0,0.0,1.0,1874d78e58b05cb6597498e3614e4297
517,No,0.0,0.0,,,55e74ec0b72db41fc7b79aa974e5f706
518,No,1.0,1.0,0.0,1.0,aa41cc430259c63b35e84a7d8d654a01
519,No,1.0,0.0,1.0,1.0,416b40fb871e5d5372139b97d5db7278
520,No,1.0,0.0,0.0,0.0,909d340e5c1464eeee3d3f0974b965b6
521,No,0.0,0.0,,,df52e9d4f32f5f3d963e924e2ace8040
522,Yes,1.0,0.0,0.0,1.0,62221496ebc920816da90ce806c7c045
523,No,0.0,0.0,,,a32eb876f7ed49a90fedf3d7610bf358
524,No,0.0,1.0,,,8f79199102dded301073e9229133fd01
525,Yes,1.0,0.0,0.0,0.0,55a35632482dd1e36de09711eb142459
526,Yes,1.0,0.0,0.0,1.0,1f4a52758a4c5e9b6810e43237d610d0
527,No,1.0,0.0,0.0,1.0,5e4f4c69a53aa8ab8425255af6730a4b
528,No,1.0,0.0,0.0,1.0,e47ac0089c235fe4360d0bf39e53e89f
529,No,0.0,0.0,,,81e4d8deeaa3cff11ef0751c43997d38
530,No,1.0,1.0,1.0,0.0,91f28266d732c10f352ba86a5eeecaa8
531,No,1.0,1.0,1.0,0.0,33e1942370f373560347fd40550ab39e
532,No,1.0,1.0,1.0,0.0,ccd23797859ec012c46da52ef390b705
533,Yes,0.0,0.0,,,bf20841aa19ecd35299519291d5ec259
534,No,1.0,1.0,1.0,1.0,43397e15a821f34f436cdbf359ab021e
535,No,0.0,1.0,,,207d33da3f8e7f2976717c528d2bbe81
536,No,0.0,0.0,,,9f9b1665573aa41ea77fb55726916842
537,No,0.0,0.0,,,3f0c61aad74e3d7cef8cdf2553e85905
538,No,1.0,0.0,0.0,1.0,a9a662ecb0615cd4390925c3065fb365
539,No,1.0,0.0,0.0,1.0,d9fde25541341059a6b152d06044aba5
540,No,0.0,0.0,,,6255d272c95eeb495729092c75afeb2d
541,No,1.0,1.0,0.0,1.0,2977b8ef8d39c8dae4ce645980bb05d1
542,No,1.0,1.0,0.0,1.0,e00d27cd8b3f61fb7abbf21a9b29499a
543,Yes,1.0,0.0,1.0,0.0,4ed6858d9cc248e5832ff5881565dd23
544,No,0.0,1.0,,,4b87d885831ab8bd289b1934604f964e
545,No,0.0,1.0,,,8b22ea50e5ddb3396c52de70634bbcf0
546,No,1.0,0.0,0.0,1.0,9192bb7f8e65c14441da1a4326f0ba2b
547,No,0.0,0.0,,,a796f3ef304d6f615329d386dacfda18
548,No,0.0,0.0,,,03b93e81a806b96a4c9f7edac1328643
549,Yes,0.0,0.0,,,2aafb15d2bdc6631d121d36be360625f
550,No,1.0,1.0,0.0,1.0,d36a4c688bc80650ce5a1628e01ea315
551,No,0.0,0.0,,,4c8cbd4647786f949530d521f7a120f7
552,No,0.0,0.0,,,96dcfb55ec94735472db145b2fd2d80c
553,No,0.0,0.0,,,fcdf87d26caf5f1daced86b6cfcacbb8
554,No,0.0,1.0,,,a3b57b18dbbb36e1cfb6b0bcaeaa39e9
555,No,1.0,0.0,1.0,0.0,3c071a25b5f7e9adaa97d83891e8a8e3
556,No,1.0,1.0,1.0,0.0,804c5e12d8e5d83fedf939c403e1a7a6
557,No,1.0,0.0,0.0,1.0,ba1071922beb10dfe31c4aeb7efa3235
558,No,1.0,0.0,0.0,1.0,8c5716e11c01bef0c6f05f124d2079d2
559,No,0.0,0.0,,,1a5890ab522ec34e7661bcb174323d76
560,No,1.0,1.0,0.0,1.0,cca276e68e9324e0b238db77ba4c4597
561,No,1.0,1.0,0.0,1.0,5a994b5ad9d65096e2f1a7cd01185ee6
562,No,0.0,0.0,,,be82472c454c9efb9ba112fab649d8db
563,No,0.0,0.0,,,d2a44132ce581500615daf1af74a45bb
564,No,0.0,1.0,,,f5c466dd75d15f9cf9ce8d6b1b0ba417
565,No,1.0,0.0,1.0,0.0,9ee7b2fd8a97bd00330942dea023108b
566,No,1.0,0.0,0.0,0.0,d49f4d512564046d7a9d6284faeba900
567,No,0.0,0.0,,,20272b59073736c17bb1b2dad2fd0471
568,No,0.0,1.0,,,64380629f053b1c530be2e95507acdb9
569,No,0.0,0.0,,,b37c0dd898d30b6f188dc6ed4816e669
570,No,1.0,0.0,1.0,1.0,d2da2c37adca70d9ab2067e9de3112da
571,No,1.0,1.0,0.0,1.0,5a50f1e4ae8e265852b98dc7cf3e03e0
572,No,1.0,0.0,1.0,1.0,59036319be24d5fbea5dedb3644459b7
573,No,0.0,0.0,,,947724c14ce83ae5d3f0d80bad360d80
574,No,1.0,1.0,0.0,0.0,574db3efd247bfa901eff939e83dd6ff
575,No,1.0,0.0,0.0,1.0,1590dcb39fc01a6ffaad5fcc7409b70e
576,No,1.0,0.0,0.0,1.0,8337d486ef170bdeb75d312e2082fd07
577,No,1.0,1.0,0.0,1.0,15025e81dc495d95b2f2f0a4420908ae
578,No,1.0,0.0,0.0,1.0,42b7a1ac28908466172c20532786afb2
579,No,1.0,0.0,0.0,0.0,2c14dda8d3d40c8a5ffb821ebc5a555d
580,No,0.0,1.0,,,6ae37da73d09e820bb7dad79914e4a83
581,No,1.0,0.0,0.0,0.0,9071509fdd2f1cd88a57fdd68f208c6a
582,No,1.0,1.0,0.0,0.0,ccd311411bbeea78cceae9628284f02b
583,No,0.0,0.0,,,822314b5e28ca53e5ca938502eed0749
584,No,0.0,0.0,,,eb3308f10af2476491929e872f337989
585,No,0.0,0.0,,,a7022edd3ac66eadde4e64505662263a
586,No,1.0,1.0,0.0,1.0,c792412da9f6967cbf545aedb1a7599e
587,No,1.0,0.0,0.0,1.0,2b27a89f8534da10755e847768c9a71f
588,No,0.0,0.0,,,2f12186966525b1117e6b9b19051cb3e
589,No,0.0,0.0,,,12d303921873458c165020f5d975b478
590,No,0.0,0.0,,,f25dda016360e8c32981ab9f5da606fc
591,No,1.0,1.0,0.0,1.0,adf1f1a700834ab7a50cc126ba1f7f02
592,No,0.0,0.0,,,e00b97466ede11bffd1385510e551450
593,No,0.0,0.0,,,3dff473f1ffeb005903d8aaf3991267c
594,No,1.0,1.0,0.0,1.0,055993cfe045e89bf91413e08901e464
595,No,0.0,1.0,,,219d08f65702b35fcfd83e9a01d5ba93
596,No,0.0,0.0,,,b289287712e1489a8e56ca4cee46ab97
597,No,0.0,1.0,,,f5341e3611fb38e1baf8dc9768c5c093
598,No,0.0,1.0,,,fe0316d4fc59219a7299fab80afca779
599,No,0.0,0.0,,,5677f220a2e1479c635f2d73dfd804d8
600,No,1.0,1.0,0.0,1.0,4acdded3997cb2d27237fd93db12970c
601,No,1.0,0.0,0.0,1.0,817ea49710b83d8d9b80b29355265538
602,No,1.0,0.0,0.0,1.0,f29f897c60a07383203726469234a61a
603,No,1.0,0.0,0.0,1.0,aae6fdbb9c58052c9a46dd7930ada656
604,No,1.0,0.0,0.0,1.0,fd4a157ed79ebda56c0637561a2d19d8
605,No,0.0,0.0,,,192754e46559aae7d4ff636cd68259b3
606,No,0.0,0.0,,,527b3e2fe8bf93470aa388180be61971
607,No,1.0,1.0,0.0,1.0,7a9467a87f8a978d848c3ba5510b8274
608,Yes,0.0,,,,3f54ad458047020836da04323f049066
609,No,0.0,0.0,,,e7eb8d0a59ebd8dae24f7c7176df561c
610,No,0.0,0.0,,,e1006337bd6879a2e6451ccc72ba608c
611,No,0.0,0.0,,,a5d02e598e56dfd831863f494b0bd182
612,No,0.0,0.0,,,8da2516cb5616ed7f5f5dcd58fefa608
613,No,0.0,0.0,,,c4ccd4d74609b2ebc6e356609579a7bb
614,No,1.0,0.0,0.0,1.0,b6a7ac099f9c65abc20d801cd39c5039
615,No,1.0,0.0,0.0,1.0,28b8f40b8f9f68a1a1a52724db93035a
616,No,0.0,0.0,,,246594f7f3954b0fcf7bdc796d6ba8af
617,No,1.0,0.0,1.0,0.0,e6dfdb7f990554ff5cf873f0ff3904d6
618,No,0.0,1.0,,,19e92f0773cc990fec5745b45f3fcf97
619,No,0.0,0.0,,,104114b776ce96ac100bb36914c00d47
620,No,0.0,1.0,,,67d222b4d59b480794f766500840187a
621,No,0.0,1.0,,,bd9ede609cd18f3b3b69b2c1f0f46cb9
622,No,0.0,1.0,,,74fa372bc88db6579524a09529768899
623,No,0.0,0.0,,,ca58ef95bc6527873c47cfa29acc0b66
624,No,1.0,1.0,1.0,1.0,47667b19820f0c10defcc88cfb907524
625,No,1.0,0.0,0.0,1.0,304ea6c27d08600a2f48992c1d7c24be
626,No,0.0,1.0,,,d4f1a84020a081193fb919a321fa199d
627,No,1.0,0.0,0.0,1.0,44052f38014dad91385d6f77e43628e4
628,No,0.0,0.0,,,e897678c59d775b05e52a7077ee84bc6
629,No,0.0,0.0,,,0fe6447f69db8c0e73957ea899e9cb43
630,No,0.0,0.0,,,67cc9b08d875d517190e14d0687c619e
631,No,1.0,0.0,0.0,1.0,4a474b8273820b4ffa2b5d4ae5cb6a3a
632,No,0.0,0.0,,,8bfbef7d468b96bc904118a094afd212
633,No,1.0,0.0,0.0,1.0,77074ba554b0bc3a6891e757667b3280
634,No,0.0,0.0,,,d9e564570cbddbd35f8dc573bb6a8c94
635,No,1.0,1.0,1.0,0.0,f28f0165095541d987ed39988feb4238
636,No,1.0,0.0,0.0,0.0,b327ef4f94263afd97bab2a5c399b4eb
637,No,1.0,0.0,0.0,1.0,2479af197a12990252ebdebbba2b6537
638,No,1.0,0.0,0.0,0.0,819a690c367c53a44c33665cea661a07
639,No,1.0,1.0,0.0,0.0,dbf9b1ab5f69b9799392dca91f497967
640,No,1.0,0.0,0.0,0.0,bba136cca7433b4c4c8ab121dafe8809
641,No,0.0,0.0,,,6fff39ae5d9d2dfff12aec25be66fe75
642,No,1.0,0.0,1.0,0.0,381705506f78858ea80eb5af2b6fd2d8
643,No,1.0,0.0,0.0,1.0,e9da312d80ea55318b8b426cb8b10a18
644,No,1.0,0.0,1.0,0.0,b7b76468ac4b03da18edb7cc075404b3
645,No,0.0,0.0,,,1910a3d91f388e785c36a62da44401c5
646,Yes,1.0,1.0,1.0,,c18dc9dfb84d59ecfcf9b8b4cabdbfa8
647,No,0.0,0.0,,,005ea3ba19faa705da70bdc9597b1f8c
648,No,0.0,0.0,,,dc03444f655d5110ea405a4ae7e1d792
649,No,0.0,0.0,,,b9ae04049fd771411ba58abe69057dbb
650,No,1.0,1.0,0.0,0.0,fab8a13a0fa2e0af5761993c597225b7
651,No,1.0,1.0,0.0,1.0,fa8f7524b176a1940f6d7393529b51b3
652,No,0.0,0.0,,,63f8a0b9617e1efe78685781e4cf79b0
653,No,1.0,0.0,0.0,1.0,4b2a0142373b3ddfc23ad1fb3aea8b65
654,No,0.0,0.0,,,95710c2d2df859101bae3c301a33eb5a
655,No,0.0,0.0,,,456a157f8f901415f4d1972aaf4730f4
656,No,0.0,0.0,,,78f5c81762cbd4b315775b005333bdf3
657,No,1.0,1.0,1.0,0.0,22f77f57224439baa63eaf9b934faa0a
658,No,0.0,0.0,,,117e69984f2d3b17447407d889461aa4
659,No,0.0,0.0,,,afaf347e815c0b5e02bd86ebf9dea38f
660,No,1.0,0.0,0.0,1.0,a824bd0531b846fa81756d0e9ef055f7
661,No,1.0,0.0,0.0,0.0,59bc1895be869f01eadc15d77b66da5f
662,No,1.0,1.0,0.0,0.0,34b0106dbb0b774d410a11827fcf1a48
663,No,1.0,1.0,1.0,0.0,a356f9806914354592ab8818a062502a
664,No,1.0,0.0,0.0,0.0,ab0be330251f8d70c1b3fd52e438ab34
665,No,0.0,0.0,,,83addf18cb96af1046609ac22fc94e50
666,No,0.0,0.0,,,aeb4e418692a22154e800d8a9db4783c
667,No,1.0,0.0,0.0,1.0,ba65c8dd1cf9b8baa84484d3571864e4
668,No,0.0,0.0,,,33a729ae7228cc31b5718270bc7534f2
669,No,0.0,0.0,,,085632d8209b3537475ac7f4f73eb324
670,No,0.0,1.0,,,1636c84c02e1b872e1b5e7498b4cdfab
671,No,0.0,0.0,,,f4274652f424def5e3dfad64200a6e92
672,No,1.0,1.0,0.0,0.0,094e3d332ef7c86b17aea06b5ce0fd07
673,No,0.0,0.0,,,19faa1fae588ca0a27f97a32e19c7e1c
674,No,1.0,1.0,0.0,0.0,9da6256011e5c8a84694f6b9b9fd631d
675,No,1.0,1.0,1.0,0.0,5aabeaaa0de29b28c809b616c2d48f51
676,No,1.0,1.0,0.0,1.0,c1b3e1d36fa80f7c40b2c9901f7147e2
677,No,0.0,0.0,,,dc3daabaf9858f5c41bbcddbd797ce62
678,No,0.0,0.0,,,9332f47564a8f4ed17de43085939f96b
679,No,0.0,0.0,,,362edf95f406662285db867ba3c4e7af
680,No,1.0,0.0,0.0,1.0,44ee3f04f0c895129ada92ea565ea85f
681,No,0.0,1.0,,,650e313dc00819015f8ab85d44b988d3
682,No,0.0,0.0,,,1ba20e1dfb704ec3da68488c2d0e75dd
683,No,0.0,0.0,,,1ceb13e8b123c691aeace7be18c771c9
684,No,1.0,0.0,0.0,1.0,416731a961231898ac73341edad20faf
685,No,0.0,1.0,,,bd20e6f40a0f0e80e5f700f783439081
686,No,1.0,1.0,1.0,0.0,d1d1bba7fd2a10e7bdc08911d7acae84
687,No,1.0,1.0,1.0,0.0,9730a1857a35943a5e013111fb1371fe
688,No,0.0,1.0,,,03777e6a992770bdd7c2b7fb56f52e8f
689,No,1.0,1.0,0.0,0.0,51eb62ceca26952af87c27852456486e
690,No,0.0,0.0,,,ef9e9f061a03b22cc89b7643dc7595be
691,No,0.0,0.0,,,f60055607e53323f29bbcefec4a831bd
692,No,0.0,0.0,,,5b393e68c2ac5fe1fc72fa3e880fd4a0
693,No,0.0,1.0,,,a0babee18be7066de5cff6e50d1d3142
694,Yes,0.0,0.0,,,c335f76e05943425aba7dd06374aa317
695,No,0.0,0.0,,,d95a4b5ecf5fe46ec5f64befa16366b1
696,No,1.0,0.0,0.0,0.0,4945876a213a6d70c08886f6a4073b7c
697,No,1.0,1.0,1.0,0.0,8bf72ff8d8f05a51d2d8260363ba8a53
698,No,1.0,1.0,0.0,0.0,a9729c1ac009cd08fc014b27da16da4a
699,No,0.0,0.0,,,0313a1c58aa6897b7ab78a3a425b6b4b
700,No,1.0,0.0,0.0,0.0,de55c7adf89d0900c1e03553cd9cafb8
701,No,1.0,1.0,1.0,0.0,09506754d89902372b63dd73b5976ac8
702,No,0.0,0.0,,,88668b961aad0e636320a9b3543051d3
703,No,0.0,1.0,,,652961efd9eb6972b6d81c387f00dfe3
704,No,0.0,0.0,,,1c666051d2d0f2589e19a8bf6fe80fd9
705,No,1.0,0.0,0.0,1.0,b01d5d8e2b273fdd20c03d85d3b945b1
706,No,0.0,0.0,,,ac8a724be32e411ea4b7195cdcd116d8
707,No,0.0,0.0,,,103a06ff3faef171c17736baed2cc76b
708,No,0.0,0.0,,,6b9907a4f0a9266d6ebf57c30adfa0bb
709,No,1.0,1.0,0.0,0.0,3bf1d50a14a3f452946fe3fd5fcb73c6
710,No,0.0,1.0,,,53a9a4f8645c7150920eff45e2524924
711,No,0.0,0.0,,,e558d694eca22da59f049119cd1c46cb
712,No,0.0,1.0,,,73b46252e098c3cb5f28b02e9ac015de
713,No,1.0,0.0,0.0,0.0,910bff5ff3020c59834df5140272eef6
714,No,1.0,0.0,0.0,1.0,aefcf809dd3cc4aeae90b00f518fcc24
715,No,1.0,0.0,1.0,1.0,307d57d98dec6851cfb5b63ca91d9944
716,No,1.0,0.0,0.0,0.0,f005892a5c8441e34ba66ad925acb69c
717,No,0.0,0.0,,,ffeaf80ddef039bf96f65d85999dbe24
718,No,1.0,1.0,1.0,0.0,e0881c8ec2d182f6603eed8f8a71824a
719,No,0.0,0.0,,,750ee0080ca90bda4f74652f6fbb539a
720,No,0.0,0.0,,,6e20fdfc5784e89c52f7bd5ed95f52c9
721,No,1.0,0.0,0.0,1.0,18f4a6299719a00b4dd789e940fefe21
722,No,0.0,0.0,,,8954af22907762a5246fa74e86b736cf
723,No,1.0,0.0,0.0,0.0,4ef5883d00e31debb8b51bd221d3ef73
724,No,0.0,0.0,,,c7d54dcb7aee07a042db36f3014e70e8
725,No,0.0,0.0,,,664bc92ae998a50f5a4f5ce61c31f9cc
726,No,0.0,0.0,,,82f115f715e37e2e25b186a54bd1bb10
727,No,1.0,1.0,1.0,0.0,1f47e5e71324b1e8a839a3a99b40075b
728,No,0.0,0.0,,,1031dce31e91fe0e12419e0d4d89fc62
729,No,1.0,0.0,0.0,1.0,69db3beffa238f2112e24bf68518c5e8
730,Yes,0.0,0.0,,,fc0a990ac34bd314843a25dc124001ee
731,No,0.0,0.0,,,24d03caf756299091f9065f33a380567
732,No,0.0,0.0,,,6a75651e0acc8bd1da35550d24872e7b
733,No,1.0,0.0,1.0,0.0,b4a1619703016aa1b0f5232562e88a88
734,No,0.0,0.0,,,62207984c6e8dcb0123e8762f3adb810
735,No,0.0,0.0,,,9f73334f2fe77c2dab85f84713e01742
736,No,0.0,0.0,,,91a89dbaf34dc7d92e81a762b14ab096
737,No,0.0,0.0,,,5f324c4eeb89e538fb3ba83408e65345
738,No,1.0,0.0,0.0,1.0,8ca7db55f33bedb751e16c91556d0b58
739,No,1.0,1.0,1.0,1.0,93aa28c62fd0d89ce6d87e8f5248db41
740,No,0.0,0.0,,,905976ce784fb5c8f403e55355fa9c13
741,No,1.0,0.0,0.0,1.0,6e62d7f2dc16ff16b40a69e3a186199f
742,No,0.0,0.0,,,cce3e090e153bd9808c2807d3b3a459b
743,No,0.0,0.0,,,0f6ed9ef9dc32cc00e823623fa67eb58
744,No,1.0,0.0,0.0,1.0,aa811aac239dd985ff176490a017a865
745,No,0.0,0.0,,,e40a065329af0d967fd4c48f41a9ce7d
746,No,0.0,0.0,,,ca839be08e800d826dab9b3ed2f02438
747,No,1.0,0.0,0.0,1.0,17eaf4382bef611470d1d70f91645b9a
748,No,0.0,0.0,,,bbf85a1a256ab407d8ff303f14eb739d
749,No,0.0,0.0,,,034d8943429f180ae5ce8806f747899b
750,No,0.0,1.0,,,8e99d0adf5a5840763451af5ffb5624b
751,No,0.0,0.0,,,ec0402ac5eb30b80ffa1f4f5bb7e44a1
752,No,0.0,0.0,,,57303f7e81400b9e3560a9ae3883628a
753,Yes,1.0,0.0,0.0,1.0,e1f0db5417682e3ae948af429c21feee
754,No,0.0,0.0,,,9d5433cce6a29d41a51c49f573c0521c
755,No,1.0,1.0,0.0,1.0,9a898de153b05b8bc46e945afcfc3697
756,No,0.0,0.0,,,71c1e5f48a99db7d726c055fd9b0ed39
757,No,1.0,0.0,0.0,1.0,f094ecadd6d0c5f345856fdbbc423ba7
758,No,0.0,0.0,,,874b92802e3a9e0067e60c083f1ccdda
759,No,1.0,1.0,1.0,0.0,f7ab7e30121a096ac260d409fbc12937
760,No,0.0,0.0,,,842a7340e59064510a302c43ee95f2c6
761,No,1.0,1.0,1.0,0.0,c2cf579c5092604b06cfd116eed0cb45
762,No,0.0,0.0,,,8c0f274b894df8f70be822893fb053bc
763,No,1.0,1.0,1.0,0.0,168de4cd8063480f508b3dbcebb3ff54
764,No,1.0,0.0,0.0,1.0,e8c9c66e3600808301d8a3b4de03e9b9
765,No,0.0,0.0,,,ff060db5abf15d1910c8ae1c8a79fc51
766,No,0.0,0.0,,,05d7d7e82a65f73bde52b57529405312
767,No,1.0,0.0,1.0,0.0,bb21b33c0e371e93492914f2fdc5d0ee
768,No,0.0,0.0,,,e81f63cfd25e37f9747de7763a2ab6ee
769,No,0.0,1.0,,,423a54e25ca9e0a239e665d8c7ba3cb4
770,No,1.0,1.0,1.0,1.0,b07ebef8c092e740925bfabbe349bf92
771,No,0.0,0.0,,,67826fb4898320d903854d969ef953eb
772,No,1.0,1.0,1.0,1.0,86285671c64a69b58a2eb344f960b337
773,No,0.0,0.0,,,7aea37740563fe2795d1bee90ed371d5
774,No,1.0,0.0,1.0,0.0,e54e58e2d562c170d5b786f1e11979aa
775,No,0.0,0.0,,,f620a5eb106bdf6548cb5c8aa56c3e28
776,No,0.0,1.0,,,887cb287ace0e6485fc5c9f9e5feb327
777,No,0.0,0.0,,,97724f845b888f6a8db4bdbe53511f06
778,No,0.0,0.0,,,3d448535c2de89403b67d19eaac2b65f
779,No,0.0,1.0,,,d4219b92f21864e91ed2aede2225a847
780,No,0.0,1.0,,,a5cee20355a3d4d0fb18bdba6d9239b0
781,No,0.0,0.0,,,cd8e3c976b0fe21399b812d81ef1cd02
782,No,0.0,0.0,,,bf2ba7c5e71e0680aa77428c0838c30a
783,No,0.0,1.0,,,37ad49241527bbba6f75a915af830143
784,No,0.0,1.0,,,15eef0feff98a3d263cf96acee263ed8
785,No,0.0,0.0,,,37135153c780aaa5432745f9c6aea5b7
786,No,0.0,,,,6d12512f68f903c13f47cb8c8ac3250c
787,No,0.0,0.0,,,5ddca09cd5629c218f0222fd969eff66
788,No,1.0,0.0,0.0,1.0,d86ed23e0f7543c947880e32ec4bc667
789,No,0.0,0.0,,,38b73b5f474653efc0465a9b1786c2f4
790,No,0.0,0.0,,,7fb4a18bb0ababf8e36d7ca165929e17
791,No,0.0,1.0,,,df9758927e07fb0bf33a33643774e8d7
792,,0.0,,,,8768b8abc9f4629f929a70db032e7b33
793,No,0.0,1.0,,,dff564b75385e564f2baf9bc51a46388
794,No,0.0,0.0,,,10bd0bbd5d561fa2722aa458997013fc
795,No,1.0,1.0,1.0,1.0,b5b9ea9a5e388e382e62a05327875360
796,No,0.0,0.0,,,c2bf88160fefa26a0d1c7682fcb1a5ae
797,No,0.0,0.0,,,4e2eaddb561e77226a4c469ec6d4e16b
798,No,0.0,0.0,,,4e443377f88f941819a95b5a5ed2676b
799,No,0.0,0.0,,,5bb9361cead7033a6f2778464352d9b0
800,No,0.0,0.0,,,148ecdf9bf1b1ba45999ffe9d784ab30
801,No,1.0,0.0,0.0,1.0,983301102ac08392e4e3e319606ba558
802,,0.0,0.0,,,62fefcca3be8ac40f0ef85cb661f055f
803,No,0.0,0.0,,,bb08295f1d2586ff7128290a15183676
804,No,1.0,0.0,0.0,1.0,4dce4de2921088495920ee715d1a0f65
805,No,0.0,0.0,,,ba0a85e208cd53767419e0d20f75cf0c
806,No,0.0,1.0,,,988eddf6596a80ba5e942efeeb48a603
807,No,0.0,1.0,,,36192bf1b9ea05a6a2f6c46c8b102528
808,No,0.0,0.0,,,76b8fb924ba26dac240fa801495dc8ce
809,No,0.0,0.0,,,d72aebae0ac24a35aa15c9e5a85102aa
810,No,1.0,0.0,1.0,0.0,b8e792b61ebb94b29b581c4a8ac96884
811,No,0.0,1.0,,,57a588106dd0d056c779cc6e38f9fd1f
812,No,1.0,1.0,0.0,1.0,6f618008b43405a0d78b9391e1809ee0
813,No,1.0,0.0,0.0,0.0,9b54e7aff665fba1860f42f00a628f93
814,No,0.0,0.0,,,1d7c4743c7a4a95a0a2a4b75b0aa8588
815,No,1.0,0.0,0.0,1.0,1f4558f2f83315ca983c6c37c56b704d
816,No,0.0,0.0,,,d59e44849b184610cfaa1eb74bd09d71
817,No,0.0,0.0,,,8a3c6e33addedb617b20882b14de5343
818,No,1.0,0.0,0.0,0.0,76720438b78319f50ec26d55b1137242
819,No,0.0,,,,479332ee0b1bb7e712094d9e3426913d
820,No,0.0,1.0,,,fb567fa3b97ab7d98798c2980d4d7609
821,No,1.0,0.0,0.0,1.0,bc233a9a2c2f2b21bfd36a40622d8d03
822,No,0.0,0.0,,,77ed18b74e2b2216e3c7394c18872826
823,No,1.0,1.0,0.0,0.0,128c9e31a7bfde9dab5e27747e986f74
824,No,0.0,0.0,,,5a86040353c1541b1199620110812500
825,No,1.0,1.0,0.0,0.0,8c38e4ac2d2ec4ccebc2b0a350869eda
826,No,0.0,0.0,,,a34cd2ed87aef316f9a578f88eb42e2d
827,No,1.0,0.0,0.0,1.0,8c08d6269b5120fc3989fdbe938e2b45
828,No,0.0,0.0,,,d7ce9ccffb53ca02e1ffe7182af2c6ba
829,No,0.0,0.0,,,db5f09773b03d1c10a5355770f2ae485
830,No,0.0,0.0,,,db2fc98d0ebab32fb9cc062503133316
831,No,0.0,1.0,,,667c53ac170d4c152b6804d145ffd77f
832,No,0.0,0.0,,,0878b9a3a7bb043a79cdf9e133824dd0
833,No,0.0,0.0,,,c05d5f6a0add61b7dccfbc3d5335725f
834,No,0.0,0.0,,,b4a98ce38c93b054acc6c0f1a55f31c6
835,No,0.0,0.0,,,289d38433bf27c5c3ee17febfe3fac91
836,No,0.0,0.0,,,4a309e614245c46904e1d48e28c475b1
837,No,0.0,,,,abecd922cda383d06e6a6a2d35b552e2
838,No,1.0,0.0,0.0,0.0,6831f383e2fce5c42cfacac6700d0067
839,No,0.0,1.0,,,61c6c9a15c0a84ba3549b0d5fe277b73
840,No,1.0,0.0,0.0,0.0,d0c864258196693577bb99a8d8908604
841,No,1.0,1.0,1.0,0.0,f3481effbb02b9b1560030dcabdb1aa7
842,No,0.0,1.0,,,ae622e083a57528f489dba2c1f0bf96a
843,No,1.0,1.0,1.0,0.0,fa714e3e4de9c4589b7c8b1e2265d300
844,No,0.0,0.0,,,82f88b92a54ecb8e5aeccc413ab9e8e2
845,No,1.0,0.0,1.0,0.0,7361726db0638137f0c06606f0695a3b
846,No,1.0,1.0,0.0,1.0,2f2b8c036fd1e50106a43dc7b7e50c45
847,No,0.0,0.0,,,d4a9c6e899fe58ce326e7b2f8b6bd1b0
848,No,0.0,0.0,,,8a39a7e6b1a526d6c84d596dd3c48c38
849,No,0.0,0.0,,,602db75af97a7622976e405680acc592
850,No,0.0,1.0,,,a0bd2fc25c73d8f3aad5f18d1b65f628
851,No,0.0,0.0,,,ec84368181fa18a8ff736fb9ace31cb8
852,No,1.0,1.0,0.0,0.0,5a11e0198dffd4de57ecb27cd40fd38b
853,No,1.0,0.0,0.0,1.0,e44626dc142910f9adabe873a61c83f6
854,No,0.0,0.0,,,9839f9b20cad93c04c5c7f9194e94dbb
855,No,1.0,1.0,1.0,1.0,72d4e69e2b2b1ba169ba4a0e45dbed00
856,No,1.0,1.0,0.0,0.0,3e657cdc1bd82998dda8e232ec468148
857,No,1.0,0.0,0.0,0.0,56ff38493d6c9368c561f77a755a3304
858,No,0.0,1.0,,,f25a80661920c78d317522931840ec79
859,No,0.0,0.0,,,e3ae276c1625e2f19d149994d287b2d0
860,No,0.0,1.0,,,045af0453dfe5872899e50d0458c18f0
861,No,0.0,0.0,,,283f6eb49c4f1525afdb41b15bce2158
862,No,1.0,1.0,0.0,1.0,23884dc6956e03aefb15e25078b8f8f1
863,No,1.0,1.0,1.0,0.0,683e637709bef885a9c5ea09d69fc6d9
864,No,1.0,0.0,0.0,0.0,333c5e30f37ef331f7fdf38789dae98f
865,No,0.0,0.0,,,ca6b7c3b48ff552ea9c482ba2071800e
866,No,0.0,0.0,,,7a804f24ba07754cf518d24102c96c89
867,No,0.0,0.0,,,c0384ce4b48934374a38a1b6e352d066
868,No,0.0,0.0,,,611f02a53830d6a1d1a4fc06b0e56216
869,No,1.0,0.0,0.0,1.0,09e4eeba6c21aa757866b0093e1e8699
870,No,0.0,0.0,,,f1909828efd1ebd9bd038523d2fb390e
871,No,1.0,0.0,1.0,0.0,bdc8782c450fcf9a28fd778becbaccfb
872,No,1.0,0.0,0.0,1.0,f372f678287d0c0d61dbda294c287c97
873,No,1.0,0.0,0.0,0.0,c1d02fae5eaf236f8aa0a2121fd5a438
874,No,0.0,0.0,,,b2e8019f6d2af531979d21d76896bc92
875,No,0.0,1.0,,,16bd9f1139a4834a5d096afa2501f0cb
876,No,1.0,0.0,0.0,1.0,b8e31f97ca48a8d85f4eb99024aac522
877,No,0.0,1.0,,,87b678c20375405e17b3b75259ea5c77
878,No,0.0,0.0,,,ac54321f2dd2cd7de90db80d84f8bfac
879,No,0.0,,,,d8dd0ea0baefe33d430a4f944fd037a9
880,No,0.0,0.0,,,f41ef89102ccafcdfdfc0f0868436cfc
881,No,0.0,0.0,,,c96d26ed8e1550714588004c3e9f76cd
882,No,0.0,0.0,,,0edd4340bcfa2fa28cdaa1fec6d30744
883,No,0.0,0.0,,,b0e531448ee437ebf4aedc6f831a7fd1
884,No,1.0,1.0,0.0,1.0,9b13076fb816694404d47475d844aa63
885,No,0.0,1.0,,,a919cd956c2726dd15fb732af0252a42
886,No,0.0,0.0,,,439e7908f1e4e72da95b57beaea548bc
887,No,1.0,0.0,0.0,0.0,90167c4bdb42df182540a2b23cefa238
888,No,0.0,0.0,,,00aeccdb3e3ff5f4ea72704fa467b490
889,No,0.0,1.0,,,09d8dc9f5c708e8ef772a8a3e49fb906
890,No,0.0,1.0,,,8f3249359feb990d3a7145b4e38d993d
891,No,0.0,0.0,,,586e3c5d72edf187d4310028c4eab4c7
892,No,1.0,0.0,0.0,1.0,d38ba76cd4d08ed2ebea78f597760291
893,No,0.0,1.0,,,0b6a36f160f8fa5db97264ea8c2ff4d4
894,No,1.0,0.0,0.0,0.0,f34ffd04fc747bf6c7b7414aad6cbc60
895,No,1.0,0.0,0.0,1.0,cd43af3441359ee72e2348b9a9958137
896,No,1.0,0.0,0.0,0.0,89d289e8bf943d9d7ab3c032946c6ea5
897,No,0.0,0.0,,,f674cfda76f3dba6173fa2bacef58fb0
898,No,1.0,0.0,0.0,1.0,a658878d01b6a9208fbf19cf8e8d6b27
899,No,1.0,0.0,1.0,0.0,51fe05028558c742869b1eb10209b514
900,No,1.0,1.0,1.0,0.0,831a7fabd15813f027accecf09aec22d
901,No,0.0,0.0,,,db9884427d4df4d230d2553fa37f3596
902,No,1.0,0.0,1.0,0.0,b1d531d4362bd1a5cba175adb7998fca
903,No,1.0,1.0,1.0,0.0,0f7948d5971dc5d221269e8abe8df870
904,No,0.0,1.0,,,1110b23062781c5bafd44e03cf7135ba
905,No,0.0,1.0,,,a925db9d021bd2bbc34b48c09dbce603
906,No,0.0,0.0,,,a2b40999ebc261c3ebd61b9c2ea52899
907,No,0.0,0.0,,,283d05a4c2f9839cbf07d692faa38f82
908,No,1.0,0.0,0.0,0.0,438521bf311359d4525722916a587b37
909,No,1.0,1.0,0.0,0.0,6b5a429f1b1d2b888baad7ae989333e1
910,No,0.0,0.0,,,bb96bcd9ef4d555f79a184a857e7c091
911,No,0.0,0.0,,,a7593b8706bbf17e7a5d03eac7417c84
912,No,0.0,0.0,,,385bc570633f1bfa4803a1770149695d
913,No,1.0,0.0,0.0,1.0,457daa481f4788e747d7bc018c237d81
914,No,0.0,0.0,,,365e20e461b79650a6277e541fb60614
915,No,0.0,1.0,,,979753001e7a759517a6fb5cc863b415
916,No,0.0,0.0,,,4913c2febd52df6b0860a7bad1136ca4
917,No,1.0,0.0,1.0,0.0,aa85aeb1446e81a41d12996219813061
918,No,1.0,0.0,0.0,1.0,bda84ea970cb55d5806fb4f4f984dbb8
919,No,0.0,1.0,,,17e8d15fe26ff5df5a3820fa82a772ed
920,No,0.0,0.0,,,2cfdbc5008a8059c99ce34f68a4c161e
921,No,1.0,1.0,1.0,1.0,fb3803f9d5d3c43a70138aadef8bd00a
922,No,0.0,0.0,,,b71e922cf23f744c670c86286af58785
923,No,1.0,0.0,1.0,0.0,5e2aa278833ca754a313810c260c1f50
924,No,1.0,0.0,0.0,1.0,90aefd3b97be623c29975b6ac5d8cd18
925,No,1.0,0.0,0.0,1.0,7ec397b31c6e886550b0da7b6e866ea7
926,,1.0,1.0,0.0,0.0,c14c78ddc4879f8545c7fab8512755f9
927,No,0.0,0.0,,,0bb1b2292ed7cf6e5dbdfffa0a30521b
928,No,0.0,0.0,,,72b474662f2b2265603d0fd80184bf15
929,No,0.0,0.0,,,609c49d53cbc340f262fde2e7c9f00d5
930,No,1.0,0.0,0.0,1.0,8bfdfbe1aa6b40b03e458bf870c27d3c
931,No,0.0,1.0,,,5ce61874b058373e7a73db8855668467
932,No,0.0,0.0,,,7f7633fc8840f345dffd18ca4b071191
933,No,0.0,0.0,,,3c142e872b26b20cc1b63a8d7981b49a
934,No,1.0,0.0,0.0,1.0,7dc86aea274d6b386c2fd737681012ce
935,No,0.0,0.0,,,a8be86b6fb88675593097188fdecd6d7
936,No,1.0,0.0,0.0,1.0,ea1f105dd68bd802d5491116b7a09c6c
937,No,0.0,0.0,,,ef629991c2f9691bc50075f3b7af4561
938,No,0.0,0.0,,,c725bfa09b4ce533ff11da091ca61ffe
939,No,1.0,1.0,1.0,0.0,db17ecf586d346b76a0d8104c9ad072d
940,No,0.0,0.0,,,0bfded3a38206996dd5e0afd3b5bf607
941,No,1.0,1.0,1.0,0.0,86d0473af555dc594312a2e98bbba8ce
942,No,0.0,1.0,,,2353bb4f0a6866b2d811a6a21f18ed95
943,Yes,1.0,0.0,1.0,1.0,191970be8bda3984bfbf8162913c501b
944,No,0.0,0.0,,,1bbedc478029ec84990c798ffccd7143
945,No,0.0,0.0,,,875d3452932f2c5a628ee9754b4ff49f
946,No,0.0,1.0,,,050e6c4b30d0dff627f7d99dce5e3f51
947,No,1.0,0.0,0.0,0.0,b61189ab82bf2b96fceec1f96d79e1cb
948,No,0.0,0.0,,,e9cc87d93756451836d88247b46f96d9
949,No,0.0,0.0,,,20c7f088c698d05718767f2354cf2d6f
950,No,1.0,0.0,0.0,1.0,697f3256ac538e98b45e482d906a9e01
951,No,0.0,0.0,,,b23ee4ec84398d1400b04857c02f1ae0
952,No,0.0,0.0,,,3527fc32e343773112a43bd00576a6cc
953,No,1.0,1.0,0.0,1.0,279bcd226c7c009c5f4b9a2e1f5dd271
954,No,0.0,0.0,,,c4fbdb3310ceb47f156939b721116db3
955,No,0.0,0.0,,,a333f7e760487ef68dd4f6ac42b6d031
956,No,1.0,1.0,0.0,0.0,522745926bf14edcbb155521ff1c2cec
957,No,1.0,1.0,0.0,1.0,ae4cc367651c213bf4b14081852ed26d
958,No,0.0,1.0,,,57df0dd02db3b7382dbcb69d95d46984
959,No,0.0,0.0,,,2d744b21290b09ac814851e1e557b387
960,No,0.0,1.0,,,990c62f0cc828c066f8cb4c4997ed44b
961,No,0.0,1.0,,,62e07842a7caaf3643449b4ef80c5d3d
962,No,1.0,0.0,0.0,1.0,28a93d0299ee7291d77145d2a50cb6e3
963,No,0.0,1.0,,,aecdf8e93b97bbfdc1998f8633b43136
964,No,1.0,0.0,0.0,1.0,f24e79d1648b9175f1b0a065e191aa77
965,No,1.0,0.0,0.0,1.0,f74cdde5b9137be57cf44fd108c79555
966,No,0.0,0.0,,,840e780df86883b78d9949050514708c
967,No,0.0,0.0,,,b8a1dbe941f8c0320869939e347c76c7
968,No,1.0,1.0,0.0,0.0,afee072dfa6034a55945016ac556c2f1
969,No,1.0,1.0,1.0,0.0,2b6f48148e8391baedf80f3d5649ba39
970,No,0.0,0.0,,,176b73123cd573670fa5db6f13d07a03
971,No,1.0,0.0,0.0,1.0,7d44d4a8625979eef17aa7095402c9b8
972,No,1.0,0.0,0.0,1.0,90b854fbe03fef5ecb457e986069bb86
973,No,1.0,0.0,1.0,1.0,76f4be76af20ebda7aa87bec7816559e
974,No,0.0,0.0,,,bd21e9d7dfeef5fb4099f14bd592aeaf
975,No,1.0,1.0,1.0,0.0,7681a036e1fbaad66dceca9f336bd855
976,No,0.0,0.0,,,b90be336942ebd3ad99b114ea34548fc
977,No,1.0,0.0,0.0,0.0,2e50111ab502ae7d22747ffcbdfdf273
978,No,0.0,1.0,,,b4b0fdc2e23a534bd2ac9e2a89671fed
979,No,1.0,0.0,0.0,0.0,ed582d5756d941e3bda3d8d8e0c9d533
980,No,0.0,1.0,,,3e77f2d436435978497367c3192280e0
981,No,1.0,1.0,1.0,0.0,9bb2a0440c5f69b9c32ae53649da560f
982,No,1.0,0.0,0.0,1.0,172555176ab65cc9fa272151f6f5e2b5
983,No,0.0,0.0,,,8c1d94dc3be9b4fb7f5e3fdc7f5c8a1e
984,No,0.0,0.0,,,c125e6891ea94771ab04ea145c83aa31
985,No,1.0,0.0,0.0,0.0,a671b7b42672df57f1003c0ced465366
986,No,0.0,1.0,,,afdf2b34014abdfa8fae6feda0b0b943
987,No,0.0,1.0,,,3e8f17ec63ae367fc7ec9a8efa973e6a
988,No,1.0,1.0,0.0,0.0,4230178fc150dc2b20dada9f6acdf3b4
989,No,1.0,0.0,0.0,1.0,d00abafbd359bee0ad5bbdf2f78815d6
990,No,0.0,0.0,,,c18f85b56efabb18fd8a53430581bcb9
991,No,1.0,0.0,1.0,0.0,92a9341fdbfe795c209ba2fbdadfd188
992,No,1.0,1.0,0.0,1.0,95e6add9f4d24f88ac5c8a1310060259
993,No,1.0,0.0,1.0,0.0,f7068b8670a8d84143899f3ad32ea10a
994,No,0.0,1.0,,,40e661e4752ae85d8a374691e012bb3a
995,No,1.0,1.0,1.0,0.0,347a52b64a651e948e6a05f07bbc5b26
996,No,0.0,0.0,,,d9cb79e9bd84f04a68121ff672d68130
997,No,0.0,0.0,,,f51daa5c5cdbea79cc335d0adac501ad
998,No,1.0,1.0,0.0,1.0,216a7b93c6ddaec0f061444ad13770f5
999,No,0.0,1.0,,,e0124cf3437d87468d8da0d6bcb788c1
